{
  "away_team": {
    "form": {
      "avg_goals_conceded": 1.0952380952380953,
      "avg_goals_scored": 2.0952380952380953,
      "away_matches": 11,
      "away_performance": {
        "avg_goals_conceded": 1.0,
        "avg_goals_scored": 2.0,
        "avg_ht_goals_conceded": 0.7272727272727273,
        "avg_ht_goals_scored": 1.4545454545454546,
        "bayesian_goals_conceded": 1.15625,
        "bayesian_goals_scored": 1.75,
        "form_points": 0.8181818181818182,
        "ht_draws": 2,
        "ht_ft_stats": {
          "1/1": 7,
          "1/2": 0,
          "1/X": 0,
          "2/1": 0,
          "2/2": 2,
          "2/X": 0,
          "X/1": 2,
          "X/2": 0,
          "X/X": 0
        },
        "ht_losses": 2,
        "ht_wins": 7,
        "weighted_avg_goals_conceded": 1.0434281073546454,
        "weighted_avg_goals_scored": 1.8310988597060227,
        "weighted_form_points": 0.788154099032534
      },
      "bayesian": {
        "away_lambda_conceded": 1.15625,
        "away_lambda_scored": 1.75,
        "home_lambda_conceded": 1.2857142857142858,
        "home_lambda_scored": 2.107142857142857,
        "n_away": 11,
        "n_home": 9
      },
      "detailed_data": {
        "all": [
          {
            "date": "2025-04-07",
            "ft_result": "W",
            "goals_conceded": 0,
            "goals_scored": 3,
            "ht_ft_code": "1/1",
            "ht_goals_conceded": 0,
            "ht_goals_scored": 3,
            "ht_result": "W",
            "is_home": false,
            "league": "Premier League",
            "opponent": "Leicester",
            "result": "W"
          },
          {
            "date": "2025-04-02",
            "ft_result": "W",
            "goals_conceded": 1,
            "goals_scored": 2,
            "ht_ft_code": "1/1",
            "ht_goals_conceded": 0,
            "ht_goals_scored": 1,
            "ht_result": "W",
            "is_home": true,
            "league": "Premier League",
            "opponent": "Brentford",
            "result": "W"
          },
          {
            "date": "2025-03-16",
            "ft_result": "W",
            "goals_conceded": 1,
            "goals_scored": 2,
            "ht_ft_code": "1/1",
            "ht_goals_conceded": 0,
            "ht_goals_scored": 1,
            "ht_result": "W",
            "is_home": false,
            "league": "League Cup - Final",
            "opponent": "Liverpool",
            "result": "W"
          },
          {
            "date": "2025-03-10",
            "ft_result": "W",
            "goals_conceded": 0,
            "goals_scored": 1,
            "ht_ft_code": "X/1",
            "ht_goals_conceded": 0,
            "ht_goals_scored": 0,
            "ht_result": "D",
            "is_home": false,
            "league": "Premier League",
            "opponent": "West Ham United",
            "result": "W"
          },
          {
            "date": "2025-02-26",
            "ft_result": "L",
            "goals_conceded": 2,
            "goals_scored": 0,
            "ht_ft_code": "2/2",
            "ht_goals_conceded": 1,
            "ht_goals_scored": 0,
            "ht_result": "L",
            "is_home": false,
            "league": "Premier League",
            "opponent": "Liverpool",
            "result": "L"
          },
          {
            "date": "2025-02-23",
            "ft_result": "W",
            "goals_conceded": 3,
            "goals_scored": 4,
            "ht_ft_code": "1/1",
            "ht_goals_conceded": 1,
            "ht_goals_scored": 4,
            "ht_result": "W",
            "is_home": true,
            "league": "Premier League",
            "opponent": "Nottingham Forest",
            "result": "W"
          },
          {
            "date": "2025-02-15",
            "ft_result": "L",
            "goals_conceded": 4,
            "goals_scored": 0,
            "ht_ft_code": "2/2",
            "ht_goals_conceded": 3,
            "ht_goals_scored": 0,
            "ht_result": "L",
            "is_home": false,
            "league": "Premier League",
            "opponent": "Manchester City",
            "result": "L"
          },
          {
            "date": "2025-02-08",
            "ft_result": "W",
            "goals_conceded": 2,
            "goals_scored": 3,
            "ht_ft_code": "X/1",
            "ht_goals_conceded": 2,
            "ht_goals_scored": 2,
            "ht_result": "D",
            "is_home": false,
            "league": "FA Cup - 4th Round",
            "opponent": "Birmingham City",
            "result": "W"
          },
          {
            "date": "2025-02-05",
            "ft_result": "W",
            "goals_conceded": 0,
            "goals_scored": 2,
            "ht_ft_code": "1/1",
            "ht_goals_conceded": 0,
            "ht_goals_scored": 1,
            "ht_result": "W",
            "is_home": true,
            "league": "League Cup - Semi-finals",
            "opponent": "Arsenal",
            "result": "W"
          },
          {
            "date": "2025-02-01",
            "ft_result": "L",
            "goals_conceded": 2,
            "goals_scored": 1,
            "ht_ft_code": "1/2",
            "ht_goals_conceded": 0,
            "ht_goals_scored": 1,
            "ht_result": "W",
            "is_home": true,
            "league": "Premier League",
            "opponent": "Fulham",
            "result": "L"
          },
          {
            "date": "2025-01-25",
            "ft_result": "W",
            "goals_conceded": 1,
            "goals_scored": 3,
            "ht_ft_code": "1/1",
            "ht_goals_conceded": 1,
            "ht_goals_scored": 2,
            "ht_result": "W",
            "is_home": false,
            "league": "Premier League",
            "opponent": "Southampton",
            "result": "W"
          },
          {
            "date": "2025-01-18",
            "ft_result": "L",
            "goals_conceded": 4,
            "goals_scored": 1,
            "ht_ft_code": "2/2",
            "ht_goals_conceded": 2,
            "ht_goals_scored": 1,
            "ht_result": "L",
            "is_home": true,
            "league": "Premier League",
            "opponent": "AFC Bournemouth",
            "result": "L"
          },
          {
            "date": "2025-01-15",
            "ft_result": "W",
            "goals_conceded": 0,
            "goals_scored": 3,
            "ht_ft_code": "1/1",
            "ht_goals_conceded": 0,
            "ht_goals_scored": 1,
            "ht_result": "W",
            "is_home": true,
            "league": "Premier League",
            "opponent": "Wolverhampton Wanderers",
            "result": "W"
          },
          {
            "date": "2025-01-12",
            "ft_result": "W",
            "goals_conceded": 1,
            "goals_scored": 3,
            "ht_ft_code": "X/1",
            "ht_goals_conceded": 1,
            "ht_goals_scored": 1,
            "ht_result": "D",
            "is_home": true,
            "league": "FA Cup - 3rd Round",
            "opponent": "Bromley",
            "result": "W"
          },
          {
            "date": "2025-01-07",
            "ft_result": "W",
            "goals_conceded": 0,
            "goals_scored": 2,
            "ht_ft_code": "1/1",
            "ht_goals_conceded": 0,
            "ht_goals_scored": 1,
            "ht_result": "W",
            "is_home": false,
            "league": "League Cup - Semi-finals",
            "opponent": "Arsenal",
            "result": "W"
          },
          {
            "date": "2025-01-04",
            "ft_result": "W",
            "goals_conceded": 1,
            "goals_scored": 2,
            "ht_ft_code": "1/1",
            "ht_goals_conceded": 1,
            "ht_goals_scored": 2,
            "ht_result": "W",
            "is_home": false,
            "league": "Premier League",
            "opponent": "Tottenham Hotspur",
            "result": "W"
          },
          {
            "date": "2024-12-30",
            "ft_result": "W",
            "goals_conceded": 0,
            "goals_scored": 2,
            "ht_ft_code": "1/1",
            "ht_goals_conceded": 0,
            "ht_goals_scored": 2,
            "ht_result": "W",
            "is_home": false,
            "league": "Premier League",
            "opponent": "Manchester United",
            "result": "W"
          },
          {
            "date": "2024-12-26",
            "ft_result": "W",
            "goals_conceded": 0,
            "goals_scored": 3,
            "ht_ft_code": "1/1",
            "ht_goals_conceded": 0,
            "ht_goals_scored": 1,
            "ht_result": "W",
            "is_home": true,
            "league": "Premier League",
            "opponent": "Aston Villa",
            "result": "W"
          },
          {
            "date": "2024-12-21",
            "ft_result": "W",
            "goals_conceded": 0,
            "goals_scored": 4,
            "ht_ft_code": "1/1",
            "ht_goals_conceded": 0,
            "ht_goals_scored": 3,
            "ht_result": "W",
            "is_home": false,
            "league": "Premier League",
            "opponent": "Ipswich Town",
            "result": "W"
          },
          {
            "date": "2024-12-18",
            "ft_result": "W",
            "goals_conceded": 1,
            "goals_scored": 3,
            "ht_ft_code": "1/1",
            "ht_goals_conceded": 0,
            "ht_goals_scored": 2,
            "ht_result": "W",
            "is_home": true,
            "league": "League Cup - Quarter-finals",
            "opponent": "Brentford",
            "result": "W"
          }
        ],
        "last_10": [
          {
            "date": "2025-04-07",
            "ft_result": "W",
            "goals_conceded": 0,
            "goals_scored": 3,
            "ht_ft_code": "1/1",
            "ht_goals_conceded": 0,
            "ht_goals_scored": 3,
            "ht_result": "W",
            "is_home": false,
            "league": "Premier League",
            "opponent": "Leicester",
            "result": "W"
          },
          {
            "date": "2025-04-02",
            "ft_result": "W",
            "goals_conceded": 1,
            "goals_scored": 2,
            "ht_ft_code": "1/1",
            "ht_goals_conceded": 0,
            "ht_goals_scored": 1,
            "ht_result": "W",
            "is_home": true,
            "league": "Premier League",
            "opponent": "Brentford",
            "result": "W"
          },
          {
            "date": "2025-03-16",
            "ft_result": "W",
            "goals_conceded": 1,
            "goals_scored": 2,
            "ht_ft_code": "1/1",
            "ht_goals_conceded": 0,
            "ht_goals_scored": 1,
            "ht_result": "W",
            "is_home": false,
            "league": "League Cup - Final",
            "opponent": "Liverpool",
            "result": "W"
          },
          {
            "date": "2025-03-10",
            "ft_result": "W",
            "goals_conceded": 0,
            "goals_scored": 1,
            "ht_ft_code": "X/1",
            "ht_goals_conceded": 0,
            "ht_goals_scored": 0,
            "ht_result": "D",
            "is_home": false,
            "league": "Premier League",
            "opponent": "West Ham United",
            "result": "W"
          },
          {
            "date": "2025-02-26",
            "ft_result": "L",
            "goals_conceded": 2,
            "goals_scored": 0,
            "ht_ft_code": "2/2",
            "ht_goals_conceded": 1,
            "ht_goals_scored": 0,
            "ht_result": "L",
            "is_home": false,
            "league": "Premier League",
            "opponent": "Liverpool",
            "result": "L"
          },
          {
            "date": "2025-02-23",
            "ft_result": "W",
            "goals_conceded": 3,
            "goals_scored": 4,
            "ht_ft_code": "1/1",
            "ht_goals_conceded": 1,
            "ht_goals_scored": 4,
            "ht_result": "W",
            "is_home": true,
            "league": "Premier League",
            "opponent": "Nottingham Forest",
            "result": "W"
          },
          {
            "date": "2025-02-15",
            "ft_result": "L",
            "goals_conceded": 4,
            "goals_scored": 0,
            "ht_ft_code": "2/2",
            "ht_goals_conceded": 3,
            "ht_goals_scored": 0,
            "ht_result": "L",
            "is_home": false,
            "league": "Premier League",
            "opponent": "Manchester City",
            "result": "L"
          },
          {
            "date": "2025-02-08",
            "ft_result": "W",
            "goals_conceded": 2,
            "goals_scored": 3,
            "ht_ft_code": "X/1",
            "ht_goals_conceded": 2,
            "ht_goals_scored": 2,
            "ht_result": "D",
            "is_home": false,
            "league": "FA Cup - 4th Round",
            "opponent": "Birmingham City",
            "result": "W"
          },
          {
            "date": "2025-02-05",
            "ft_result": "W",
            "goals_conceded": 0,
            "goals_scored": 2,
            "ht_ft_code": "1/1",
            "ht_goals_conceded": 0,
            "ht_goals_scored": 1,
            "ht_result": "W",
            "is_home": true,
            "league": "League Cup - Semi-finals",
            "opponent": "Arsenal",
            "result": "W"
          },
          {
            "date": "2025-02-01",
            "ft_result": "L",
            "goals_conceded": 2,
            "goals_scored": 1,
            "ht_ft_code": "1/2",
            "ht_goals_conceded": 0,
            "ht_goals_scored": 1,
            "ht_result": "W",
            "is_home": true,
            "league": "Premier League",
            "opponent": "Fulham",
            "result": "L"
          }
        ],
        "last_15": [
          {
            "date": "2025-04-07",
            "ft_result": "W",
            "goals_conceded": 0,
            "goals_scored": 3,
            "ht_ft_code": "1/1",
            "ht_goals_conceded": 0,
            "ht_goals_scored": 3,
            "ht_result": "W",
            "is_home": false,
            "league": "Premier League",
            "opponent": "Leicester",
            "result": "W"
          },
          {
            "date": "2025-04-02",
            "ft_result": "W",
            "goals_conceded": 1,
            "goals_scored": 2,
            "ht_ft_code": "1/1",
            "ht_goals_conceded": 0,
            "ht_goals_scored": 1,
            "ht_result": "W",
            "is_home": true,
            "league": "Premier League",
            "opponent": "Brentford",
            "result": "W"
          },
          {
            "date": "2025-03-16",
            "ft_result": "W",
            "goals_conceded": 1,
            "goals_scored": 2,
            "ht_ft_code": "1/1",
            "ht_goals_conceded": 0,
            "ht_goals_scored": 1,
            "ht_result": "W",
            "is_home": false,
            "league": "League Cup - Final",
            "opponent": "Liverpool",
            "result": "W"
          },
          {
            "date": "2025-03-10",
            "ft_result": "W",
            "goals_conceded": 0,
            "goals_scored": 1,
            "ht_ft_code": "X/1",
            "ht_goals_conceded": 0,
            "ht_goals_scored": 0,
            "ht_result": "D",
            "is_home": false,
            "league": "Premier League",
            "opponent": "West Ham United",
            "result": "W"
          },
          {
            "date": "2025-02-26",
            "ft_result": "L",
            "goals_conceded": 2,
            "goals_scored": 0,
            "ht_ft_code": "2/2",
            "ht_goals_conceded": 1,
            "ht_goals_scored": 0,
            "ht_result": "L",
            "is_home": false,
            "league": "Premier League",
            "opponent": "Liverpool",
            "result": "L"
          },
          {
            "date": "2025-02-23",
            "ft_result": "W",
            "goals_conceded": 3,
            "goals_scored": 4,
            "ht_ft_code": "1/1",
            "ht_goals_conceded": 1,
            "ht_goals_scored": 4,
            "ht_result": "W",
            "is_home": true,
            "league": "Premier League",
            "opponent": "Nottingham Forest",
            "result": "W"
          },
          {
            "date": "2025-02-15",
            "ft_result": "L",
            "goals_conceded": 4,
            "goals_scored": 0,
            "ht_ft_code": "2/2",
            "ht_goals_conceded": 3,
            "ht_goals_scored": 0,
            "ht_result": "L",
            "is_home": false,
            "league": "Premier League",
            "opponent": "Manchester City",
            "result": "L"
          },
          {
            "date": "2025-02-08",
            "ft_result": "W",
            "goals_conceded": 2,
            "goals_scored": 3,
            "ht_ft_code": "X/1",
            "ht_goals_conceded": 2,
            "ht_goals_scored": 2,
            "ht_result": "D",
            "is_home": false,
            "league": "FA Cup - 4th Round",
            "opponent": "Birmingham City",
            "result": "W"
          },
          {
            "date": "2025-02-05",
            "ft_result": "W",
            "goals_conceded": 0,
            "goals_scored": 2,
            "ht_ft_code": "1/1",
            "ht_goals_conceded": 0,
            "ht_goals_scored": 1,
            "ht_result": "W",
            "is_home": true,
            "league": "League Cup - Semi-finals",
            "opponent": "Arsenal",
            "result": "W"
          },
          {
            "date": "2025-02-01",
            "ft_result": "L",
            "goals_conceded": 2,
            "goals_scored": 1,
            "ht_ft_code": "1/2",
            "ht_goals_conceded": 0,
            "ht_goals_scored": 1,
            "ht_result": "W",
            "is_home": true,
            "league": "Premier League",
            "opponent": "Fulham",
            "result": "L"
          },
          {
            "date": "2025-01-25",
            "ft_result": "W",
            "goals_conceded": 1,
            "goals_scored": 3,
            "ht_ft_code": "1/1",
            "ht_goals_conceded": 1,
            "ht_goals_scored": 2,
            "ht_result": "W",
            "is_home": false,
            "league": "Premier League",
            "opponent": "Southampton",
            "result": "W"
          },
          {
            "date": "2025-01-18",
            "ft_result": "L",
            "goals_conceded": 4,
            "goals_scored": 1,
            "ht_ft_code": "2/2",
            "ht_goals_conceded": 2,
            "ht_goals_scored": 1,
            "ht_result": "L",
            "is_home": true,
            "league": "Premier League",
            "opponent": "AFC Bournemouth",
            "result": "L"
          },
          {
            "date": "2025-01-15",
            "ft_result": "W",
            "goals_conceded": 0,
            "goals_scored": 3,
            "ht_ft_code": "1/1",
            "ht_goals_conceded": 0,
            "ht_goals_scored": 1,
            "ht_result": "W",
            "is_home": true,
            "league": "Premier League",
            "opponent": "Wolverhampton Wanderers",
            "result": "W"
          },
          {
            "date": "2025-01-12",
            "ft_result": "W",
            "goals_conceded": 1,
            "goals_scored": 3,
            "ht_ft_code": "X/1",
            "ht_goals_conceded": 1,
            "ht_goals_scored": 1,
            "ht_result": "D",
            "is_home": true,
            "league": "FA Cup - 3rd Round",
            "opponent": "Bromley",
            "result": "W"
          },
          {
            "date": "2025-01-07",
            "ft_result": "W",
            "goals_conceded": 0,
            "goals_scored": 2,
            "ht_ft_code": "1/1",
            "ht_goals_conceded": 0,
            "ht_goals_scored": 1,
            "ht_result": "W",
            "is_home": false,
            "league": "League Cup - Semi-finals",
            "opponent": "Arsenal",
            "result": "W"
          }
        ],
        "last_5": [
          {
            "date": "2025-04-07",
            "ft_result": "W",
            "goals_conceded": 0,
            "goals_scored": 3,
            "ht_ft_code": "1/1",
            "ht_goals_conceded": 0,
            "ht_goals_scored": 3,
            "ht_result": "W",
            "is_home": false,
            "league": "Premier League",
            "opponent": "Leicester",
            "result": "W"
          },
          {
            "date": "2025-04-02",
            "ft_result": "W",
            "goals_conceded": 1,
            "goals_scored": 2,
            "ht_ft_code": "1/1",
            "ht_goals_conceded": 0,
            "ht_goals_scored": 1,
            "ht_result": "W",
            "is_home": true,
            "league": "Premier League",
            "opponent": "Brentford",
            "result": "W"
          },
          {
            "date": "2025-03-16",
            "ft_result": "W",
            "goals_conceded": 1,
            "goals_scored": 2,
            "ht_ft_code": "1/1",
            "ht_goals_conceded": 0,
            "ht_goals_scored": 1,
            "ht_result": "W",
            "is_home": false,
            "league": "League Cup - Final",
            "opponent": "Liverpool",
            "result": "W"
          },
          {
            "date": "2025-03-10",
            "ft_result": "W",
            "goals_conceded": 0,
            "goals_scored": 1,
            "ht_ft_code": "X/1",
            "ht_goals_conceded": 0,
            "ht_goals_scored": 0,
            "ht_result": "D",
            "is_home": false,
            "league": "Premier League",
            "opponent": "West Ham United",
            "result": "W"
          },
          {
            "date": "2025-02-26",
            "ft_result": "L",
            "goals_conceded": 2,
            "goals_scored": 0,
            "ht_ft_code": "2/2",
            "ht_goals_conceded": 1,
            "ht_goals_scored": 0,
            "ht_result": "L",
            "is_home": false,
            "league": "Premier League",
            "opponent": "Liverpool",
            "result": "L"
          }
        ]
      },
      "form_points": 0.7619047619047619,
      "half_time_analysis": {
        "first_half_goals": 29,
        "first_half_performance": 0.6590909090909091,
        "ht_ft_counts": {
          "1/1": 13,
          "1/2": 1,
          "1/X": 0,
          "2/1": 0,
          "2/2": 3,
          "2/X": 0,
          "X/1": 3,
          "X/2": 0,
          "X/X": 0
        },
        "ht_ft_trends": [
          [
            "1/1",
            13
          ],
          [
            "X/1",
            3
          ],
          [
            "2/2",
            3
          ]
        ],
        "second_half_goals": 15,
        "second_half_performance": 0.3409090909090909
      },
      "home_matches": 9,
      "home_performance": {
        "avg_goals_conceded": 1.3333333333333333,
        "avg_goals_scored": 2.4444444444444446,
        "avg_ht_goals_conceded": 0.4444444444444444,
        "avg_ht_goals_scored": 1.4444444444444444,
        "bayesian_goals_conceded": 1.2857142857142858,
        "bayesian_goals_scored": 2.107142857142857,
        "form_points": 0.7777777777777778,
        "ht_draws": 1,
        "ht_ft_stats": {
          "1/1": 6,
          "1/2": 1,
          "1/X": 0,
          "2/1": 0,
          "2/2": 1,
          "2/X": 0,
          "X/1": 1,
          "X/2": 0,
          "X/X": 0
        },
        "ht_losses": 1,
        "ht_wins": 7,
        "weighted_avg_goals_conceded": 1.4578260972363177,
        "weighted_avg_goals_scored": 2.370218303210483,
        "weighted_form_points": 0.8030615647794744
      },
      "recent_match_data": [
        {
          "date": "2025-04-07",
          "ft_result": "W",
          "goals_conceded": 0,
          "goals_scored": 3,
          "ht_ft_code": "1/1",
          "ht_goals_conceded": 0,
          "ht_goals_scored": 3,
          "ht_result": "W",
          "is_home": false,
          "league": "Premier League",
          "opponent": "Leicester",
          "result": "W"
        },
        {
          "date": "2025-04-02",
          "ft_result": "W",
          "goals_conceded": 1,
          "goals_scored": 2,
          "ht_ft_code": "1/1",
          "ht_goals_conceded": 0,
          "ht_goals_scored": 1,
          "ht_result": "W",
          "is_home": true,
          "league": "Premier League",
          "opponent": "Brentford",
          "result": "W"
        },
        {
          "date": "2025-03-16",
          "ft_result": "W",
          "goals_conceded": 1,
          "goals_scored": 2,
          "ht_ft_code": "1/1",
          "ht_goals_conceded": 0,
          "ht_goals_scored": 1,
          "ht_result": "W",
          "is_home": false,
          "league": "League Cup - Final",
          "opponent": "Liverpool",
          "result": "W"
        },
        {
          "date": "2025-03-10",
          "ft_result": "W",
          "goals_conceded": 0,
          "goals_scored": 1,
          "ht_ft_code": "X/1",
          "ht_goals_conceded": 0,
          "ht_goals_scored": 0,
          "ht_result": "D",
          "is_home": false,
          "league": "Premier League",
          "opponent": "West Ham United",
          "result": "W"
        },
        {
          "date": "2025-02-26",
          "ft_result": "L",
          "goals_conceded": 2,
          "goals_scored": 0,
          "ht_ft_code": "2/2",
          "ht_goals_conceded": 1,
          "ht_goals_scored": 0,
          "ht_result": "L",
          "is_home": false,
          "league": "Premier League",
          "opponent": "Liverpool",
          "result": "L"
        },
        {
          "date": "2025-02-23",
          "ft_result": "W",
          "goals_conceded": 3,
          "goals_scored": 4,
          "ht_ft_code": "1/1",
          "ht_goals_conceded": 1,
          "ht_goals_scored": 4,
          "ht_result": "W",
          "is_home": true,
          "league": "Premier League",
          "opponent": "Nottingham Forest",
          "result": "W"
        },
        {
          "date": "2025-02-15",
          "ft_result": "L",
          "goals_conceded": 4,
          "goals_scored": 0,
          "ht_ft_code": "2/2",
          "ht_goals_conceded": 3,
          "ht_goals_scored": 0,
          "ht_result": "L",
          "is_home": false,
          "league": "Premier League",
          "opponent": "Manchester City",
          "result": "L"
        },
        {
          "date": "2025-02-08",
          "ft_result": "W",
          "goals_conceded": 2,
          "goals_scored": 3,
          "ht_ft_code": "X/1",
          "ht_goals_conceded": 2,
          "ht_goals_scored": 2,
          "ht_result": "D",
          "is_home": false,
          "league": "FA Cup - 4th Round",
          "opponent": "Birmingham City",
          "result": "W"
        },
        {
          "date": "2025-02-05",
          "ft_result": "W",
          "goals_conceded": 0,
          "goals_scored": 2,
          "ht_ft_code": "1/1",
          "ht_goals_conceded": 0,
          "ht_goals_scored": 1,
          "ht_result": "W",
          "is_home": true,
          "league": "League Cup - Semi-finals",
          "opponent": "Arsenal",
          "result": "W"
        },
        {
          "date": "2025-02-01",
          "ft_result": "L",
          "goals_conceded": 2,
          "goals_scored": 1,
          "ht_ft_code": "1/2",
          "ht_goals_conceded": 0,
          "ht_goals_scored": 1,
          "ht_result": "W",
          "is_home": true,
          "league": "Premier League",
          "opponent": "Fulham",
          "result": "L"
        },
        {
          "date": "2025-01-25",
          "ft_result": "W",
          "goals_conceded": 1,
          "goals_scored": 3,
          "ht_ft_code": "1/1",
          "ht_goals_conceded": 1,
          "ht_goals_scored": 2,
          "ht_result": "W",
          "is_home": false,
          "league": "Premier League",
          "opponent": "Southampton",
          "result": "W"
        },
        {
          "date": "2025-01-18",
          "ft_result": "L",
          "goals_conceded": 4,
          "goals_scored": 1,
          "ht_ft_code": "2/2",
          "ht_goals_conceded": 2,
          "ht_goals_scored": 1,
          "ht_result": "L",
          "is_home": true,
          "league": "Premier League",
          "opponent": "AFC Bournemouth",
          "result": "L"
        },
        {
          "date": "2025-01-15",
          "ft_result": "W",
          "goals_conceded": 0,
          "goals_scored": 3,
          "ht_ft_code": "1/1",
          "ht_goals_conceded": 0,
          "ht_goals_scored": 1,
          "ht_result": "W",
          "is_home": true,
          "league": "Premier League",
          "opponent": "Wolverhampton Wanderers",
          "result": "W"
        },
        {
          "date": "2025-01-12",
          "ft_result": "W",
          "goals_conceded": 1,
          "goals_scored": 3,
          "ht_ft_code": "X/1",
          "ht_goals_conceded": 1,
          "ht_goals_scored": 1,
          "ht_result": "D",
          "is_home": true,
          "league": "FA Cup - 3rd Round",
          "opponent": "Bromley",
          "result": "W"
        },
        {
          "date": "2025-01-07",
          "ft_result": "W",
          "goals_conceded": 0,
          "goals_scored": 2,
          "ht_ft_code": "1/1",
          "ht_goals_conceded": 0,
          "ht_goals_scored": 1,
          "ht_result": "W",
          "is_home": false,
          "league": "League Cup - Semi-finals",
          "opponent": "Arsenal",
          "result": "W"
        },
        {
          "date": "2025-01-04",
          "ft_result": "W",
          "goals_conceded": 1,
          "goals_scored": 2,
          "ht_ft_code": "1/1",
          "ht_goals_conceded": 1,
          "ht_goals_scored": 2,
          "ht_result": "W",
          "is_home": false,
          "league": "Premier League",
          "opponent": "Tottenham Hotspur",
          "result": "W"
        },
        {
          "date": "2024-12-30",
          "ft_result": "W",
          "goals_conceded": 0,
          "goals_scored": 2,
          "ht_ft_code": "1/1",
          "ht_goals_conceded": 0,
          "ht_goals_scored": 2,
          "ht_result": "W",
          "is_home": false,
          "league": "Premier League",
          "opponent": "Manchester United",
          "result": "W"
        },
        {
          "date": "2024-12-26",
          "ft_result": "W",
          "goals_conceded": 0,
          "goals_scored": 3,
          "ht_ft_code": "1/1",
          "ht_goals_conceded": 0,
          "ht_goals_scored": 1,
          "ht_result": "W",
          "is_home": true,
          "league": "Premier League",
          "opponent": "Aston Villa",
          "result": "W"
        },
        {
          "date": "2024-12-21",
          "ft_result": "W",
          "goals_conceded": 0,
          "goals_scored": 4,
          "ht_ft_code": "1/1",
          "ht_goals_conceded": 0,
          "ht_goals_scored": 3,
          "ht_result": "W",
          "is_home": false,
          "league": "Premier League",
          "opponent": "Ipswich Town",
          "result": "W"
        },
        {
          "date": "2024-12-18",
          "ft_result": "W",
          "goals_conceded": 1,
          "goals_scored": 3,
          "ht_ft_code": "1/1",
          "ht_goals_conceded": 0,
          "ht_goals_scored": 2,
          "ht_result": "W",
          "is_home": true,
          "league": "League Cup - Quarter-finals",
          "opponent": "Brentford",
          "result": "W"
        }
      ],
      "recent_matches": 21,
      "style": {
        "defensive": 0.4,
        "description": "Dengeli G\u00fc\u00e7l\u00fc",
        "factors": {
          "away_goal_factor": 1.0,
          "concede_factor": 0.8695652173913044,
          "defensive_factor": 0.9,
          "draw_bias": 0.0,
          "goal_factor": 1.3,
          "home_goal_factor": 1.0,
          "offensive_factor": 1.1,
          "variance_factor": 1.2
        },
        "offensive": 1.47,
        "possession": 0.5
      },
      "weighted_avg_goals_conceded": 1.2044007740077185,
      "weighted_avg_goals_scored": 2.0405195050383376,
      "weighted_form_points": 0.793944895737435
    },
    "form_periods": {
      "last_3": {
        "avg_conceded": 0.6666666666666666,
        "avg_goals": 2.3333333333333335,
        "form_points": 1.0
      },
      "last_6": {
        "avg_conceded": 1.1666666666666667,
        "avg_goals": 2.0,
        "form_points": 0.8333333333333334
      },
      "last_9": {
        "avg_conceded": 1.4444444444444444,
        "avg_goals": 1.8888888888888888,
        "form_points": 0.7777777777777778
      }
    },
    "id": "3100",
    "name": "Newcastle"
  },
  "cache_timestamp": 1744064050.308252,
  "date_predicted": "2025-04-07 22:14:10",
  "enhanced_factors": {
    "historical_pattern": {
      "description": "Ge\u00e7mi\u015f kar\u015f\u0131la\u015fma verisi bulunamad\u0131",
      "has_pattern": false,
      "score_adjustment": [
        1.0,
        1.0
      ]
    },
    "match_importance": {
      "away_importance": 1.0,
      "derby_effect": 1.0,
      "description": "Ma\u00e7 \u00f6nemi y\u00fcksek: sezon sonuna yakla\u015f\u0131m (x1.38)",
      "factor": 1.375,
      "home_importance": 1.0,
      "season_end_effect": 1.375
    },
    "momentum": {
      "away_momentum": 1.1412903225806452,
      "description": "Ev momentum: 0.74, Deplasman momentum: 1.14",
      "home_momentum": 0.7425806451612904
    }
  },
  "from_cache": false,
  "head_to_head": {
    "avg_away_goals": 1.8,
    "avg_home_goals": 0.6,
    "away_wins": 3,
    "draws": 1,
    "home_wins": 1,
    "recent_matches": [
      {
        "away_score": 3,
        "date": "2025-04-07",
        "home_score": 0,
        "league": "Premier League",
        "result": "L"
      },
      {
        "away_score": 4,
        "date": "2024-12-14",
        "home_score": 0,
        "league": "Premier League",
        "result": "L"
      },
      {
        "away_score": 0,
        "date": "2023-05-22",
        "home_score": 0,
        "league": "Premier League",
        "result": "D"
      },
      {
        "away_score": 2,
        "date": "2023-01-10",
        "home_score": 0,
        "league": "League Cup",
        "result": "L"
      },
      {
        "away_score": 0,
        "date": "2022-12-26",
        "home_score": 3,
        "league": "Premier League",
        "result": "W"
      }
    ],
    "total_matches": 5
  },
  "home_team": {
    "form": {
      "avg_goals_conceded": 2.4285714285714284,
      "avg_goals_scored": 0.8095238095238095,
      "away_matches": 10,
      "away_performance": {
        "avg_goals_conceded": 2.5,
        "avg_goals_scored": 0.6,
        "avg_ht_goals_conceded": 1.3,
        "avg_ht_goals_scored": 0.3,
        "bayesian_goals_conceded": 2.1666666666666665,
        "bayesian_goals_scored": 0.8,
        "form_points": 0.1,
        "ht_draws": 3,
        "ht_ft_stats": {
          "1/1": 0,
          "1/2": 1,
          "1/X": 0,
          "2/1": 1,
          "2/2": 5,
          "2/X": 0,
          "X/1": 0,
          "X/2": 3,
          "X/X": 0
        },
        "ht_losses": 6,
        "ht_wins": 1,
        "weighted_avg_goals_conceded": 2.121740696406919,
        "weighted_avg_goals_scored": 0.4237678538844875,
        "weighted_form_points": 0.08947953066429526
      },
      "bayesian": {
        "away_lambda_conceded": 2.1666666666666665,
        "away_lambda_scored": 0.8,
        "home_lambda_conceded": 2.0,
        "home_lambda_scored": 1.15625,
        "n_away": 10,
        "n_home": 11
      },
      "detailed_data": {
        "all": [
          {
            "date": "2025-04-07",
            "ft_result": "L",
            "goals_conceded": 3,
            "goals_scored": 0,
            "ht_ft_code": "2/2",
            "ht_goals_conceded": 3,
            "ht_goals_scored": 0,
            "ht_result": "L",
            "is_home": true,
            "league": "Premier League",
            "opponent": "Newcastle",
            "result": "L"
          },
          {
            "date": "2025-04-02",
            "ft_result": "L",
            "goals_conceded": 2,
            "goals_scored": 0,
            "ht_ft_code": "2/2",
            "ht_goals_conceded": 2,
            "ht_goals_scored": 0,
            "ht_result": "L",
            "is_home": false,
            "league": "Premier League",
            "opponent": "Manchester City",
            "result": "L"
          },
          {
            "date": "2025-03-16",
            "ft_result": "L",
            "goals_conceded": 3,
            "goals_scored": 0,
            "ht_ft_code": "2/2",
            "ht_goals_conceded": 1,
            "ht_goals_scored": 0,
            "ht_result": "L",
            "is_home": true,
            "league": "Premier League",
            "opponent": "Manchester United",
            "result": "L"
          },
          {
            "date": "2025-03-09",
            "ft_result": "L",
            "goals_conceded": 1,
            "goals_scored": 0,
            "ht_ft_code": "X/2",
            "ht_goals_conceded": 0,
            "ht_goals_scored": 0,
            "ht_result": "D",
            "is_home": false,
            "league": "Premier League",
            "opponent": "Chelsea",
            "result": "L"
          },
          {
            "date": "2025-02-27",
            "ft_result": "L",
            "goals_conceded": 2,
            "goals_scored": 0,
            "ht_ft_code": "2/2",
            "ht_goals_conceded": 2,
            "ht_goals_scored": 0,
            "ht_result": "L",
            "is_home": false,
            "league": "Premier League",
            "opponent": "West Ham United",
            "result": "L"
          },
          {
            "date": "2025-02-21",
            "ft_result": "L",
            "goals_conceded": 4,
            "goals_scored": 0,
            "ht_ft_code": "2/2",
            "ht_goals_conceded": 3,
            "ht_goals_scored": 0,
            "ht_result": "L",
            "is_home": true,
            "league": "Premier League",
            "opponent": "Brentford",
            "result": "L"
          },
          {
            "date": "2025-02-15",
            "ft_result": "L",
            "goals_conceded": 2,
            "goals_scored": 0,
            "ht_ft_code": "X/2",
            "ht_goals_conceded": 0,
            "ht_goals_scored": 0,
            "ht_result": "D",
            "is_home": true,
            "league": "Premier League",
            "opponent": "Arsenal",
            "result": "L"
          },
          {
            "date": "2025-02-07",
            "ft_result": "L",
            "goals_conceded": 2,
            "goals_scored": 1,
            "ht_ft_code": "1/2",
            "ht_goals_conceded": 0,
            "ht_goals_scored": 1,
            "ht_result": "W",
            "is_home": false,
            "league": "FA Cup - 4th Round",
            "opponent": "Manchester United",
            "result": "L"
          },
          {
            "date": "2025-02-01",
            "ft_result": "L",
            "goals_conceded": 4,
            "goals_scored": 0,
            "ht_ft_code": "2/2",
            "ht_goals_conceded": 3,
            "ht_goals_scored": 0,
            "ht_result": "L",
            "is_home": false,
            "league": "Premier League",
            "opponent": "Everton",
            "result": "L"
          },
          {
            "date": "2025-01-26",
            "ft_result": "W",
            "goals_conceded": 1,
            "goals_scored": 2,
            "ht_ft_code": "2/1",
            "ht_goals_conceded": 1,
            "ht_goals_scored": 0,
            "ht_result": "L",
            "is_home": false,
            "league": "Premier League",
            "opponent": "Tottenham Hotspur",
            "result": "W"
          },
          {
            "date": "2025-01-18",
            "ft_result": "L",
            "goals_conceded": 2,
            "goals_scored": 0,
            "ht_ft_code": "X/2",
            "ht_goals_conceded": 0,
            "ht_goals_scored": 0,
            "ht_result": "D",
            "is_home": true,
            "league": "Premier League",
            "opponent": "Fulham",
            "result": "L"
          },
          {
            "date": "2025-01-15",
            "ft_result": "L",
            "goals_conceded": 2,
            "goals_scored": 0,
            "ht_ft_code": "X/2",
            "ht_goals_conceded": 0,
            "ht_goals_scored": 0,
            "ht_result": "D",
            "is_home": true,
            "league": "Premier League",
            "opponent": "Crystal Palace",
            "result": "L"
          },
          {
            "date": "2025-01-11",
            "ft_result": "W",
            "goals_conceded": 2,
            "goals_scored": 6,
            "ht_ft_code": "1/1",
            "ht_goals_conceded": 2,
            "ht_goals_scored": 3,
            "ht_result": "W",
            "is_home": true,
            "league": "FA Cup - 3rd Round",
            "opponent": "Queens Park Rangers",
            "result": "W"
          },
          {
            "date": "2025-01-04",
            "ft_result": "L",
            "goals_conceded": 2,
            "goals_scored": 1,
            "ht_ft_code": "X/2",
            "ht_goals_conceded": 0,
            "ht_goals_scored": 0,
            "ht_result": "D",
            "is_home": false,
            "league": "Premier League",
            "opponent": "Aston Villa",
            "result": "L"
          },
          {
            "date": "2024-12-29",
            "ft_result": "L",
            "goals_conceded": 2,
            "goals_scored": 0,
            "ht_ft_code": "2/2",
            "ht_goals_conceded": 1,
            "ht_goals_scored": 0,
            "ht_result": "L",
            "is_home": true,
            "league": "Premier League",
            "opponent": "Manchester City",
            "result": "L"
          },
          {
            "date": "2024-12-26",
            "ft_result": "L",
            "goals_conceded": 3,
            "goals_scored": 1,
            "ht_ft_code": "X/2",
            "ht_goals_conceded": 1,
            "ht_goals_scored": 1,
            "ht_result": "D",
            "is_home": false,
            "league": "Premier League",
            "opponent": "Liverpool",
            "result": "L"
          },
          {
            "date": "2024-12-22",
            "ft_result": "L",
            "goals_conceded": 3,
            "goals_scored": 0,
            "ht_ft_code": "2/2",
            "ht_goals_conceded": 3,
            "ht_goals_scored": 0,
            "ht_result": "L",
            "is_home": true,
            "league": "Premier League",
            "opponent": "Wolverhampton Wanderers",
            "result": "L"
          },
          {
            "date": "2024-12-14",
            "ft_result": "L",
            "goals_conceded": 4,
            "goals_scored": 0,
            "ht_ft_code": "2/2",
            "ht_goals_conceded": 1,
            "ht_goals_scored": 0,
            "ht_result": "L",
            "is_home": false,
            "league": "Premier League",
            "opponent": "Newcastle United",
            "result": "L"
          },
          {
            "date": "2024-12-08",
            "ft_result": "D",
            "goals_conceded": 2,
            "goals_scored": 2,
            "ht_ft_code": "2/X",
            "ht_goals_conceded": 1,
            "ht_goals_scored": 0,
            "ht_result": "L",
            "is_home": true,
            "league": "Premier League",
            "opponent": "Brighton & Hove Albion",
            "result": "D"
          },
          {
            "date": "2024-12-03",
            "ft_result": "W",
            "goals_conceded": 1,
            "goals_scored": 3,
            "ht_ft_code": "1/1",
            "ht_goals_conceded": 0,
            "ht_goals_scored": 1,
            "ht_result": "W",
            "is_home": true,
            "league": "Premier League",
            "opponent": "West Ham United",
            "result": "W"
          },
          {
            "date": "2024-11-30",
            "ft_result": "L",
            "goals_conceded": 4,
            "goals_scored": 1,
            "ht_ft_code": "2/2",
            "ht_goals_conceded": 3,
            "ht_goals_scored": 1,
            "ht_result": "L",
            "is_home": false,
            "league": "Premier League",
            "opponent": "Brentford",
            "result": "L"
          }
        ],
        "last_10": [
          {
            "date": "2025-04-07",
            "ft_result": "L",
            "goals_conceded": 3,
            "goals_scored": 0,
            "ht_ft_code": "2/2",
            "ht_goals_conceded": 3,
            "ht_goals_scored": 0,
            "ht_result": "L",
            "is_home": true,
            "league": "Premier League",
            "opponent": "Newcastle",
            "result": "L"
          },
          {
            "date": "2025-04-02",
            "ft_result": "L",
            "goals_conceded": 2,
            "goals_scored": 0,
            "ht_ft_code": "2/2",
            "ht_goals_conceded": 2,
            "ht_goals_scored": 0,
            "ht_result": "L",
            "is_home": false,
            "league": "Premier League",
            "opponent": "Manchester City",
            "result": "L"
          },
          {
            "date": "2025-03-16",
            "ft_result": "L",
            "goals_conceded": 3,
            "goals_scored": 0,
            "ht_ft_code": "2/2",
            "ht_goals_conceded": 1,
            "ht_goals_scored": 0,
            "ht_result": "L",
            "is_home": true,
            "league": "Premier League",
            "opponent": "Manchester United",
            "result": "L"
          },
          {
            "date": "2025-03-09",
            "ft_result": "L",
            "goals_conceded": 1,
            "goals_scored": 0,
            "ht_ft_code": "X/2",
            "ht_goals_conceded": 0,
            "ht_goals_scored": 0,
            "ht_result": "D",
            "is_home": false,
            "league": "Premier League",
            "opponent": "Chelsea",
            "result": "L"
          },
          {
            "date": "2025-02-27",
            "ft_result": "L",
            "goals_conceded": 2,
            "goals_scored": 0,
            "ht_ft_code": "2/2",
            "ht_goals_conceded": 2,
            "ht_goals_scored": 0,
            "ht_result": "L",
            "is_home": false,
            "league": "Premier League",
            "opponent": "West Ham United",
            "result": "L"
          },
          {
            "date": "2025-02-21",
            "ft_result": "L",
            "goals_conceded": 4,
            "goals_scored": 0,
            "ht_ft_code": "2/2",
            "ht_goals_conceded": 3,
            "ht_goals_scored": 0,
            "ht_result": "L",
            "is_home": true,
            "league": "Premier League",
            "opponent": "Brentford",
            "result": "L"
          },
          {
            "date": "2025-02-15",
            "ft_result": "L",
            "goals_conceded": 2,
            "goals_scored": 0,
            "ht_ft_code": "X/2",
            "ht_goals_conceded": 0,
            "ht_goals_scored": 0,
            "ht_result": "D",
            "is_home": true,
            "league": "Premier League",
            "opponent": "Arsenal",
            "result": "L"
          },
          {
            "date": "2025-02-07",
            "ft_result": "L",
            "goals_conceded": 2,
            "goals_scored": 1,
            "ht_ft_code": "1/2",
            "ht_goals_conceded": 0,
            "ht_goals_scored": 1,
            "ht_result": "W",
            "is_home": false,
            "league": "FA Cup - 4th Round",
            "opponent": "Manchester United",
            "result": "L"
          },
          {
            "date": "2025-02-01",
            "ft_result": "L",
            "goals_conceded": 4,
            "goals_scored": 0,
            "ht_ft_code": "2/2",
            "ht_goals_conceded": 3,
            "ht_goals_scored": 0,
            "ht_result": "L",
            "is_home": false,
            "league": "Premier League",
            "opponent": "Everton",
            "result": "L"
          },
          {
            "date": "2025-01-26",
            "ft_result": "W",
            "goals_conceded": 1,
            "goals_scored": 2,
            "ht_ft_code": "2/1",
            "ht_goals_conceded": 1,
            "ht_goals_scored": 0,
            "ht_result": "L",
            "is_home": false,
            "league": "Premier League",
            "opponent": "Tottenham Hotspur",
            "result": "W"
          }
        ],
        "last_15": [
          {
            "date": "2025-04-07",
            "ft_result": "L",
            "goals_conceded": 3,
            "goals_scored": 0,
            "ht_ft_code": "2/2",
            "ht_goals_conceded": 3,
            "ht_goals_scored": 0,
            "ht_result": "L",
            "is_home": true,
            "league": "Premier League",
            "opponent": "Newcastle",
            "result": "L"
          },
          {
            "date": "2025-04-02",
            "ft_result": "L",
            "goals_conceded": 2,
            "goals_scored": 0,
            "ht_ft_code": "2/2",
            "ht_goals_conceded": 2,
            "ht_goals_scored": 0,
            "ht_result": "L",
            "is_home": false,
            "league": "Premier League",
            "opponent": "Manchester City",
            "result": "L"
          },
          {
            "date": "2025-03-16",
            "ft_result": "L",
            "goals_conceded": 3,
            "goals_scored": 0,
            "ht_ft_code": "2/2",
            "ht_goals_conceded": 1,
            "ht_goals_scored": 0,
            "ht_result": "L",
            "is_home": true,
            "league": "Premier League",
            "opponent": "Manchester United",
            "result": "L"
          },
          {
            "date": "2025-03-09",
            "ft_result": "L",
            "goals_conceded": 1,
            "goals_scored": 0,
            "ht_ft_code": "X/2",
            "ht_goals_conceded": 0,
            "ht_goals_scored": 0,
            "ht_result": "D",
            "is_home": false,
            "league": "Premier League",
            "opponent": "Chelsea",
            "result": "L"
          },
          {
            "date": "2025-02-27",
            "ft_result": "L",
            "goals_conceded": 2,
            "goals_scored": 0,
            "ht_ft_code": "2/2",
            "ht_goals_conceded": 2,
            "ht_goals_scored": 0,
            "ht_result": "L",
            "is_home": false,
            "league": "Premier League",
            "opponent": "West Ham United",
            "result": "L"
          },
          {
            "date": "2025-02-21",
            "ft_result": "L",
            "goals_conceded": 4,
            "goals_scored": 0,
            "ht_ft_code": "2/2",
            "ht_goals_conceded": 3,
            "ht_goals_scored": 0,
            "ht_result": "L",
            "is_home": true,
            "league": "Premier League",
            "opponent": "Brentford",
            "result": "L"
          },
          {
            "date": "2025-02-15",
            "ft_result": "L",
            "goals_conceded": 2,
            "goals_scored": 0,
            "ht_ft_code": "X/2",
            "ht_goals_conceded": 0,
            "ht_goals_scored": 0,
            "ht_result": "D",
            "is_home": true,
            "league": "Premier League",
            "opponent": "Arsenal",
            "result": "L"
          },
          {
            "date": "2025-02-07",
            "ft_result": "L",
            "goals_conceded": 2,
            "goals_scored": 1,
            "ht_ft_code": "1/2",
            "ht_goals_conceded": 0,
            "ht_goals_scored": 1,
            "ht_result": "W",
            "is_home": false,
            "league": "FA Cup - 4th Round",
            "opponent": "Manchester United",
            "result": "L"
          },
          {
            "date": "2025-02-01",
            "ft_result": "L",
            "goals_conceded": 4,
            "goals_scored": 0,
            "ht_ft_code": "2/2",
            "ht_goals_conceded": 3,
            "ht_goals_scored": 0,
            "ht_result": "L",
            "is_home": false,
            "league": "Premier League",
            "opponent": "Everton",
            "result": "L"
          },
          {
            "date": "2025-01-26",
            "ft_result": "W",
            "goals_conceded": 1,
            "goals_scored": 2,
            "ht_ft_code": "2/1",
            "ht_goals_conceded": 1,
            "ht_goals_scored": 0,
            "ht_result": "L",
            "is_home": false,
            "league": "Premier League",
            "opponent": "Tottenham Hotspur",
            "result": "W"
          },
          {
            "date": "2025-01-18",
            "ft_result": "L",
            "goals_conceded": 2,
            "goals_scored": 0,
            "ht_ft_code": "X/2",
            "ht_goals_conceded": 0,
            "ht_goals_scored": 0,
            "ht_result": "D",
            "is_home": true,
            "league": "Premier League",
            "opponent": "Fulham",
            "result": "L"
          },
          {
            "date": "2025-01-15",
            "ft_result": "L",
            "goals_conceded": 2,
            "goals_scored": 0,
            "ht_ft_code": "X/2",
            "ht_goals_conceded": 0,
            "ht_goals_scored": 0,
            "ht_result": "D",
            "is_home": true,
            "league": "Premier League",
            "opponent": "Crystal Palace",
            "result": "L"
          },
          {
            "date": "2025-01-11",
            "ft_result": "W",
            "goals_conceded": 2,
            "goals_scored": 6,
            "ht_ft_code": "1/1",
            "ht_goals_conceded": 2,
            "ht_goals_scored": 3,
            "ht_result": "W",
            "is_home": true,
            "league": "FA Cup - 3rd Round",
            "opponent": "Queens Park Rangers",
            "result": "W"
          },
          {
            "date": "2025-01-04",
            "ft_result": "L",
            "goals_conceded": 2,
            "goals_scored": 1,
            "ht_ft_code": "X/2",
            "ht_goals_conceded": 0,
            "ht_goals_scored": 0,
            "ht_result": "D",
            "is_home": false,
            "league": "Premier League",
            "opponent": "Aston Villa",
            "result": "L"
          },
          {
            "date": "2024-12-29",
            "ft_result": "L",
            "goals_conceded": 2,
            "goals_scored": 0,
            "ht_ft_code": "2/2",
            "ht_goals_conceded": 1,
            "ht_goals_scored": 0,
            "ht_result": "L",
            "is_home": true,
            "league": "Premier League",
            "opponent": "Manchester City",
            "result": "L"
          }
        ],
        "last_5": [
          {
            "date": "2025-04-07",
            "ft_result": "L",
            "goals_conceded": 3,
            "goals_scored": 0,
            "ht_ft_code": "2/2",
            "ht_goals_conceded": 3,
            "ht_goals_scored": 0,
            "ht_result": "L",
            "is_home": true,
            "league": "Premier League",
            "opponent": "Newcastle",
            "result": "L"
          },
          {
            "date": "2025-04-02",
            "ft_result": "L",
            "goals_conceded": 2,
            "goals_scored": 0,
            "ht_ft_code": "2/2",
            "ht_goals_conceded": 2,
            "ht_goals_scored": 0,
            "ht_result": "L",
            "is_home": false,
            "league": "Premier League",
            "opponent": "Manchester City",
            "result": "L"
          },
          {
            "date": "2025-03-16",
            "ft_result": "L",
            "goals_conceded": 3,
            "goals_scored": 0,
            "ht_ft_code": "2/2",
            "ht_goals_conceded": 1,
            "ht_goals_scored": 0,
            "ht_result": "L",
            "is_home": true,
            "league": "Premier League",
            "opponent": "Manchester United",
            "result": "L"
          },
          {
            "date": "2025-03-09",
            "ft_result": "L",
            "goals_conceded": 1,
            "goals_scored": 0,
            "ht_ft_code": "X/2",
            "ht_goals_conceded": 0,
            "ht_goals_scored": 0,
            "ht_result": "D",
            "is_home": false,
            "league": "Premier League",
            "opponent": "Chelsea",
            "result": "L"
          },
          {
            "date": "2025-02-27",
            "ft_result": "L",
            "goals_conceded": 2,
            "goals_scored": 0,
            "ht_ft_code": "2/2",
            "ht_goals_conceded": 2,
            "ht_goals_scored": 0,
            "ht_result": "L",
            "is_home": false,
            "league": "Premier League",
            "opponent": "West Ham United",
            "result": "L"
          }
        ]
      },
      "form_points": 0.15873015873015872,
      "half_time_analysis": {
        "first_half_goals": 7,
        "first_half_performance": 0.4117647058823529,
        "ht_ft_counts": {
          "1/1": 2,
          "1/2": 1,
          "1/X": 0,
          "2/1": 1,
          "2/2": 10,
          "2/X": 1,
          "X/1": 0,
          "X/2": 6,
          "X/X": 0
        },
        "ht_ft_trends": [
          [
            "2/2",
            10
          ],
          [
            "X/2",
            6
          ],
          [
            "1/1",
            2
          ]
        ],
        "second_half_goals": 10,
        "second_half_performance": 0.5882352941176471
      },
      "home_matches": 11,
      "home_performance": {
        "avg_goals_conceded": 2.3636363636363638,
        "avg_goals_scored": 1.0,
        "avg_ht_goals_conceded": 1.2727272727272727,
        "avg_ht_goals_scored": 0.36363636363636365,
        "bayesian_goals_conceded": 2.0,
        "bayesian_goals_scored": 1.15625,
        "form_points": 0.21212121212121213,
        "ht_draws": 3,
        "ht_ft_stats": {
          "1/1": 2,
          "1/2": 0,
          "1/X": 0,
          "2/1": 0,
          "2/2": 5,
          "2/X": 1,
          "X/1": 0,
          "X/2": 3,
          "X/X": 0
        },
        "ht_losses": 6,
        "ht_wins": 2,
        "weighted_avg_goals_conceded": 2.6645827881662094,
        "weighted_avg_goals_scored": 0.5244689494893398,
        "weighted_form_points": 0.10217135169684352
      },
      "recent_match_data": [
        {
          "date": "2025-04-07",
          "ft_result": "L",
          "goals_conceded": 3,
          "goals_scored": 0,
          "ht_ft_code": "2/2",
          "ht_goals_conceded": 3,
          "ht_goals_scored": 0,
          "ht_result": "L",
          "is_home": true,
          "league": "Premier League",
          "opponent": "Newcastle",
          "result": "L"
        },
        {
          "date": "2025-04-02",
          "ft_result": "L",
          "goals_conceded": 2,
          "goals_scored": 0,
          "ht_ft_code": "2/2",
          "ht_goals_conceded": 2,
          "ht_goals_scored": 0,
          "ht_result": "L",
          "is_home": false,
          "league": "Premier League",
          "opponent": "Manchester City",
          "result": "L"
        },
        {
          "date": "2025-03-16",
          "ft_result": "L",
          "goals_conceded": 3,
          "goals_scored": 0,
          "ht_ft_code": "2/2",
          "ht_goals_conceded": 1,
          "ht_goals_scored": 0,
          "ht_result": "L",
          "is_home": true,
          "league": "Premier League",
          "opponent": "Manchester United",
          "result": "L"
        },
        {
          "date": "2025-03-09",
          "ft_result": "L",
          "goals_conceded": 1,
          "goals_scored": 0,
          "ht_ft_code": "X/2",
          "ht_goals_conceded": 0,
          "ht_goals_scored": 0,
          "ht_result": "D",
          "is_home": false,
          "league": "Premier League",
          "opponent": "Chelsea",
          "result": "L"
        },
        {
          "date": "2025-02-27",
          "ft_result": "L",
          "goals_conceded": 2,
          "goals_scored": 0,
          "ht_ft_code": "2/2",
          "ht_goals_conceded": 2,
          "ht_goals_scored": 0,
          "ht_result": "L",
          "is_home": false,
          "league": "Premier League",
          "opponent": "West Ham United",
          "result": "L"
        },
        {
          "date": "2025-02-21",
          "ft_result": "L",
          "goals_conceded": 4,
          "goals_scored": 0,
          "ht_ft_code": "2/2",
          "ht_goals_conceded": 3,
          "ht_goals_scored": 0,
          "ht_result": "L",
          "is_home": true,
          "league": "Premier League",
          "opponent": "Brentford",
          "result": "L"
        },
        {
          "date": "2025-02-15",
          "ft_result": "L",
          "goals_conceded": 2,
          "goals_scored": 0,
          "ht_ft_code": "X/2",
          "ht_goals_conceded": 0,
          "ht_goals_scored": 0,
          "ht_result": "D",
          "is_home": true,
          "league": "Premier League",
          "opponent": "Arsenal",
          "result": "L"
        },
        {
          "date": "2025-02-07",
          "ft_result": "L",
          "goals_conceded": 2,
          "goals_scored": 1,
          "ht_ft_code": "1/2",
          "ht_goals_conceded": 0,
          "ht_goals_scored": 1,
          "ht_result": "W",
          "is_home": false,
          "league": "FA Cup - 4th Round",
          "opponent": "Manchester United",
          "result": "L"
        },
        {
          "date": "2025-02-01",
          "ft_result": "L",
          "goals_conceded": 4,
          "goals_scored": 0,
          "ht_ft_code": "2/2",
          "ht_goals_conceded": 3,
          "ht_goals_scored": 0,
          "ht_result": "L",
          "is_home": false,
          "league": "Premier League",
          "opponent": "Everton",
          "result": "L"
        },
        {
          "date": "2025-01-26",
          "ft_result": "W",
          "goals_conceded": 1,
          "goals_scored": 2,
          "ht_ft_code": "2/1",
          "ht_goals_conceded": 1,
          "ht_goals_scored": 0,
          "ht_result": "L",
          "is_home": false,
          "league": "Premier League",
          "opponent": "Tottenham Hotspur",
          "result": "W"
        },
        {
          "date": "2025-01-18",
          "ft_result": "L",
          "goals_conceded": 2,
          "goals_scored": 0,
          "ht_ft_code": "X/2",
          "ht_goals_conceded": 0,
          "ht_goals_scored": 0,
          "ht_result": "D",
          "is_home": true,
          "league": "Premier League",
          "opponent": "Fulham",
          "result": "L"
        },
        {
          "date": "2025-01-15",
          "ft_result": "L",
          "goals_conceded": 2,
          "goals_scored": 0,
          "ht_ft_code": "X/2",
          "ht_goals_conceded": 0,
          "ht_goals_scored": 0,
          "ht_result": "D",
          "is_home": true,
          "league": "Premier League",
          "opponent": "Crystal Palace",
          "result": "L"
        },
        {
          "date": "2025-01-11",
          "ft_result": "W",
          "goals_conceded": 2,
          "goals_scored": 6,
          "ht_ft_code": "1/1",
          "ht_goals_conceded": 2,
          "ht_goals_scored": 3,
          "ht_result": "W",
          "is_home": true,
          "league": "FA Cup - 3rd Round",
          "opponent": "Queens Park Rangers",
          "result": "W"
        },
        {
          "date": "2025-01-04",
          "ft_result": "L",
          "goals_conceded": 2,
          "goals_scored": 1,
          "ht_ft_code": "X/2",
          "ht_goals_conceded": 0,
          "ht_goals_scored": 0,
          "ht_result": "D",
          "is_home": false,
          "league": "Premier League",
          "opponent": "Aston Villa",
          "result": "L"
        },
        {
          "date": "2024-12-29",
          "ft_result": "L",
          "goals_conceded": 2,
          "goals_scored": 0,
          "ht_ft_code": "2/2",
          "ht_goals_conceded": 1,
          "ht_goals_scored": 0,
          "ht_result": "L",
          "is_home": true,
          "league": "Premier League",
          "opponent": "Manchester City",
          "result": "L"
        },
        {
          "date": "2024-12-26",
          "ft_result": "L",
          "goals_conceded": 3,
          "goals_scored": 1,
          "ht_ft_code": "X/2",
          "ht_goals_conceded": 1,
          "ht_goals_scored": 1,
          "ht_result": "D",
          "is_home": false,
          "league": "Premier League",
          "opponent": "Liverpool",
          "result": "L"
        },
        {
          "date": "2024-12-22",
          "ft_result": "L",
          "goals_conceded": 3,
          "goals_scored": 0,
          "ht_ft_code": "2/2",
          "ht_goals_conceded": 3,
          "ht_goals_scored": 0,
          "ht_result": "L",
          "is_home": true,
          "league": "Premier League",
          "opponent": "Wolverhampton Wanderers",
          "result": "L"
        },
        {
          "date": "2024-12-14",
          "ft_result": "L",
          "goals_conceded": 4,
          "goals_scored": 0,
          "ht_ft_code": "2/2",
          "ht_goals_conceded": 1,
          "ht_goals_scored": 0,
          "ht_result": "L",
          "is_home": false,
          "league": "Premier League",
          "opponent": "Newcastle United",
          "result": "L"
        },
        {
          "date": "2024-12-08",
          "ft_result": "D",
          "goals_conceded": 2,
          "goals_scored": 2,
          "ht_ft_code": "2/X",
          "ht_goals_conceded": 1,
          "ht_goals_scored": 0,
          "ht_result": "L",
          "is_home": true,
          "league": "Premier League",
          "opponent": "Brighton & Hove Albion",
          "result": "D"
        },
        {
          "date": "2024-12-03",
          "ft_result": "W",
          "goals_conceded": 1,
          "goals_scored": 3,
          "ht_ft_code": "1/1",
          "ht_goals_conceded": 0,
          "ht_goals_scored": 1,
          "ht_result": "W",
          "is_home": true,
          "league": "Premier League",
          "opponent": "West Ham United",
          "result": "W"
        },
        {
          "date": "2024-11-30",
          "ft_result": "L",
          "goals_conceded": 4,
          "goals_scored": 1,
          "ht_ft_code": "2/2",
          "ht_goals_conceded": 3,
          "ht_goals_scored": 1,
          "ht_result": "L",
          "is_home": false,
          "league": "Premier League",
          "opponent": "Brentford",
          "result": "L"
        }
      ],
      "recent_matches": 21,
      "style": {
        "defensive": 0.0,
        "description": "De\u011fi\u015fken",
        "factors": {
          "away_goal_factor": 1.0,
          "concede_factor": 0.8,
          "draw_bias": 0.0,
          "goal_factor": 0.8,
          "home_goal_factor": 1.0,
          "variance_factor": 1.2
        },
        "offensive": 0.54,
        "possession": 0.5
      },
      "weighted_avg_goals_conceded": 2.40067088898597,
      "weighted_avg_goals_scored": 0.47551140217668214,
      "weighted_form_points": 0.09600100742250749
    },
    "form_periods": {
      "last_3": {
        "avg_conceded": 2.6666666666666665,
        "avg_goals": 0.0,
        "form_points": 0.0
      },
      "last_6": {
        "avg_conceded": 2.5,
        "avg_goals": 0.0,
        "form_points": 0.0
      },
      "last_9": {
        "avg_conceded": 2.5555555555555554,
        "avg_goals": 0.1111111111111111,
        "form_points": 0.0
      }
    },
    "id": "155",
    "name": "Leicester"
  },
  "match": "Leicester vs Newcastle",
  "opponent_analysis": {
    "away_momentum": {
      "confidence": 0.7557142857142857,
      "form_acceleration": 6.668235714285716,
      "momentum_score": 2.786938775510204,
      "trend": "rising",
      "weighted_score": 1.9793061224489796
    },
    "away_power": 100,
    "away_power_percentage": 92.56283150835006,
    "home_momentum": {
      "confidence": 0.7614285714285715,
      "form_acceleration": -0.4883214285714286,
      "momentum_score": -1.4479918367346938,
      "trend": "falling",
      "weighted_score": -1.017627244897959
    },
    "home_power": 8.03472448979592,
    "home_power_percentage": 7.4371684916499365,
    "power_difference": -91.96527551020408,
    "relative_strength": 0.1,
    "strength_ratio": 170.3
  },
  "predictions": {
    "away_win_probability": 37.79,
    "betting_predictions": {
      "both_teams_to_score": {
        "prediction": "KG VAR",
        "probability": 49.5
      },
      "exact_score": {
        "prediction": "1-2",
        "probability": 66.62
      },
      "over_2_5_goals": {
        "prediction": "2.5 \u00dcST",
        "probability": 90.0
      },
      "over_3_5_goals": {
        "prediction": "3.5 ALT",
        "probability": 90.0
      }
    },
    "confidence": 100.0,
    "debug_exact_score_used": "1-1",
    "debug_final_check": "Tutarl\u0131l\u0131k giderildi: Skor analiz edildi ve t\u00fcm bahis tahminleri (KG, 2.5, 3.5) tutarl\u0131 hale getirildi.",
    "draw_probability": 47.73,
    "exact_score": "1-2",
    "expected_goals": {
      "away": 2.79,
      "home": 0.75
    },
    "explanation": {
      "exact_score": "Analiz edilen fakt\u00f6rler sonucunda en olas\u0131 skor 1-2 olarak tahmin edildi. Ev sahibi tak\u0131m\u0131n beklenen gol ortalamas\u0131 0.75, deplasman tak\u0131m\u0131n\u0131n beklenen gol ortalamas\u0131 2.79.",
      "head_to_head": "Ge\u00e7mi\u015f kar\u015f\u0131la\u015fmalarda 5 ma\u00e7 oynand\u0131. Sonu\u00e7lar: 1 ev sahibi galibiyeti, 1 beraberlik, 3 deplasman galibiyeti.",
      "match_result": "Ma\u00e7 sonucu AWAY_WIN tahmini, ev sahibi (%14.48), beraberlik (%47.73) ve deplasman (%37.79) olas\u0131l\u0131klar\u0131na dayanmaktad\u0131r. Bu sonu\u00e7, en olas\u0131 skor (1-2) temel al\u0131narak belirlenmi\u015ftir.",
      "relative_strength": "Rakip analizi sonucunda, Newcastle g\u00f6receli olarak daha g\u00fc\u00e7l\u00fc bulundu (g\u00fc\u00e7 oran\u0131: 80.0%)"
    },
    "home_win_probability": 14.48,
    "match_outcome": "AWAY_WIN",
    "most_confident_bet": {
      "market": "over_2_5_goals",
      "prediction": "NO",
      "probability": 90.0
    },
    "most_likely_outcome": "AWAY_WIN",
    "neural_predictions": {
      "away_goals": 1.36,
      "combined_model": {
        "away_goals": 3.19,
        "home_goals": 0.74
      },
      "home_goals": 0.79
    },
    "raw_metrics": {
      "adjusted_thresholds": {
        "away_max": 3.2,
        "away_threshold": 2.5,
        "home_max": 3.0,
        "home_threshold": 2.7
      },
      "bayesian": {
        "away_attack": 1.75,
        "away_defense": 1.16,
        "home_attack": 1.16,
        "home_defense": 2.0,
        "prior_away_goals": 1.2,
        "prior_home_goals": 1.5
      },
      "defense_factors": {
        "away_defense_factor": 1.41,
        "home_defense_factor": 1.21
      },
      "expected_away_goals": 2.79,
      "expected_home_goals": 0.75,
      "expected_total_goals": 3.92,
      "form_weights": {
        "last_10_matches": 1.5,
        "last_21_matches": 1.0,
        "last_5_matches": 2.5
      },
      "p_away_scores": 95.89,
      "p_home_scores": 52.44,
      "recent_goals_average": {
        "away": 1.6,
        "home": 0.0
      },
      "weighted_form": {
        "away_weighted_form": 0.79,
        "away_weighted_goals": 2.14,
        "home_weighted_form": 0.1,
        "home_weighted_goals": 0.02
      },
      "z_score_data": {
        "away_std_dev": 1.25,
        "home_std_dev": 0.64
      }
    }
  },
  "timestamp": 1744064050.284017
}
