{
  "away_team": {
    "form": {
      "avg_goals_conceded": 1.380952380952381,
      "avg_goals_scored": 1.1428571428571428,
      "away_matches": 12,
      "away_performance": {
        "avg_goals_conceded": 1.25,
        "avg_goals_scored": 0.9166666666666666,
        "avg_ht_goals_conceded": 0.5833333333333334,
        "avg_ht_goals_scored": 0.3333333333333333,
        "bayesian_goals_conceded": 1.3235294117647058,
        "bayesian_goals_scored": 1.0,
        "form_points": 0.3888888888888889,
        "ht_draws": 7,
        "ht_ft_stats": {
          "1/1": 2,
          "1/2": 0,
          "1/X": 0,
          "2/1": 1,
          "2/2": 2,
          "2/X": 0,
          "X/1": 0,
          "X/2": 2,
          "X/X": 5
        },
        "ht_losses": 3,
        "ht_wins": 2,
        "weighted_avg_goals_conceded": 1.2915619808056475,
        "weighted_avg_goals_scored": 0.5668091643181429,
        "weighted_form_points": 0.2803092987104561
      },
      "bayesian": {
        "away_lambda_conceded": 1.3235294117647058,
        "away_lambda_scored": 1.0,
        "home_lambda_conceded": 1.5384615384615385,
        "home_lambda_scored": 1.5769230769230769,
        "n_away": 12,
        "n_home": 8
      },
      "detailed_data": {
        "all": [
          {
            "date": "2025-03-30",
            "ft_result": "D",
            "goals_conceded": 0,
            "goals_scored": 0,
            "ht_ft_code": "X/X",
            "ht_goals_conceded": 0,
            "ht_goals_scored": 0,
            "ht_result": "D",
            "is_home": false,
            "league": "La Liga",
            "opponent": "Ath Bilbao",
            "result": "D"
          },
          {
            "date": "2025-03-27",
            "ft_result": "L",
            "goals_conceded": 3,
            "goals_scored": 0,
            "ht_ft_code": "2/2",
            "ht_goals_conceded": 2,
            "ht_goals_scored": 0,
            "ht_result": "L",
            "is_home": false,
            "league": "La Liga",
            "opponent": "Barcelona",
            "result": "L"
          },
          {
            "date": "2025-03-16",
            "ft_result": "L",
            "goals_conceded": 2,
            "goals_scored": 1,
            "ht_ft_code": "1/2",
            "ht_goals_conceded": 0,
            "ht_goals_scored": 1,
            "ht_result": "W",
            "is_home": true,
            "league": "La Liga",
            "opponent": "Getafe",
            "result": "L"
          },
          {
            "date": "2025-03-02",
            "ft_result": "D",
            "goals_conceded": 3,
            "goals_scored": 3,
            "ht_ft_code": "1/X",
            "ht_goals_conceded": 2,
            "ht_goals_scored": 3,
            "ht_result": "W",
            "is_home": true,
            "league": "La Liga",
            "opponent": "Valencia",
            "result": "D"
          },
          {
            "date": "2025-02-21",
            "ft_result": "L",
            "goals_conceded": 1,
            "goals_scored": 0,
            "ht_ft_code": "X/2",
            "ht_goals_conceded": 0,
            "ht_goals_scored": 0,
            "ht_result": "D",
            "is_home": false,
            "league": "La Liga",
            "opponent": "Celta Vigo",
            "result": "L"
          },
          {
            "date": "2025-02-15",
            "ft_result": "D",
            "goals_conceded": 1,
            "goals_scored": 1,
            "ht_ft_code": "2/X",
            "ht_goals_conceded": 1,
            "ht_goals_scored": 0,
            "ht_result": "L",
            "is_home": true,
            "league": "La Liga",
            "opponent": "Real Madrid",
            "result": "D"
          },
          {
            "date": "2025-02-10",
            "ft_result": "D",
            "goals_conceded": 1,
            "goals_scored": 1,
            "ht_ft_code": "X/X",
            "ht_goals_conceded": 0,
            "ht_goals_scored": 0,
            "ht_result": "D",
            "is_home": false,
            "league": "La Liga",
            "opponent": "Mallorca",
            "result": "D"
          },
          {
            "date": "2025-02-06",
            "ft_result": "L",
            "goals_conceded": 2,
            "goals_scored": 0,
            "ht_ft_code": "2/2",
            "ht_goals_conceded": 2,
            "ht_goals_scored": 0,
            "ht_result": "L",
            "is_home": false,
            "league": "Copa del Rey - Quarter-finals",
            "opponent": "Real Sociedad",
            "result": "L"
          },
          {
            "date": "2025-02-02",
            "ft_result": "W",
            "goals_conceded": 1,
            "goals_scored": 2,
            "ht_ft_code": "1/1",
            "ht_goals_conceded": 0,
            "ht_goals_scored": 1,
            "ht_result": "W",
            "is_home": true,
            "league": "La Liga",
            "opponent": "Real Sociedad",
            "result": "W"
          },
          {
            "date": "2025-01-24",
            "ft_result": "D",
            "goals_conceded": 1,
            "goals_scored": 1,
            "ht_ft_code": "X/X",
            "ht_goals_conceded": 0,
            "ht_goals_scored": 0,
            "ht_result": "D",
            "is_home": false,
            "league": "La Liga",
            "opponent": "Las Palmas",
            "result": "D"
          },
          {
            "date": "2025-01-19",
            "ft_result": "D",
            "goals_conceded": 1,
            "goals_scored": 1,
            "ht_ft_code": "2/X",
            "ht_goals_conceded": 1,
            "ht_goals_scored": 0,
            "ht_result": "L",
            "is_home": true,
            "league": "La Liga",
            "opponent": "Rayo Vallecano",
            "result": "D"
          },
          {
            "date": "2025-01-16",
            "ft_result": "W",
            "goals_conceded": 2,
            "goals_scored": 3,
            "ht_ft_code": "1/1",
            "ht_goals_conceded": 1,
            "ht_goals_scored": 2,
            "ht_result": "W",
            "is_home": false,
            "league": "Copa del Rey - Round of 16",
            "opponent": "Athletic Bilbao",
            "result": "W"
          },
          {
            "date": "2025-01-12",
            "ft_result": "L",
            "goals_conceded": 1,
            "goals_scored": 0,
            "ht_ft_code": "X/2",
            "ht_goals_conceded": 0,
            "ht_goals_scored": 0,
            "ht_result": "D",
            "is_home": false,
            "league": "La Liga",
            "opponent": "Atletico Madrid",
            "result": "L"
          },
          {
            "date": "2025-01-04",
            "ft_result": "W",
            "goals_conceded": 1,
            "goals_scored": 2,
            "ht_ft_code": "1/1",
            "ht_goals_conceded": 1,
            "ht_goals_scored": 2,
            "ht_result": "W",
            "is_home": false,
            "league": "Copa del Rey - Round of 32",
            "opponent": "Tenerife",
            "result": "W"
          },
          {
            "date": "2024-12-21",
            "ft_result": "L",
            "goals_conceded": 2,
            "goals_scored": 1,
            "ht_ft_code": "X/2",
            "ht_goals_conceded": 1,
            "ht_goals_scored": 1,
            "ht_result": "D",
            "is_home": true,
            "league": "La Liga",
            "opponent": "Ath Bilbao",
            "result": "L"
          },
          {
            "date": "2024-12-14",
            "ft_result": "D",
            "goals_conceded": 0,
            "goals_scored": 0,
            "ht_ft_code": "X/X",
            "ht_goals_conceded": 0,
            "ht_goals_scored": 0,
            "ht_result": "D",
            "is_home": false,
            "league": "La Liga",
            "opponent": "Espanyol",
            "result": "D"
          },
          {
            "date": "2024-12-08",
            "ft_result": "D",
            "goals_conceded": 2,
            "goals_scored": 2,
            "ht_ft_code": "2/X",
            "ht_goals_conceded": 1,
            "ht_goals_scored": 0,
            "ht_result": "L",
            "is_home": true,
            "league": "La Liga",
            "opponent": "Alaves",
            "result": "D"
          },
          {
            "date": "2024-12-05",
            "ft_result": "W",
            "goals_conceded": 2,
            "goals_scored": 3,
            "ht_ft_code": "2/1",
            "ht_goals_conceded": 1,
            "ht_goals_scored": 0,
            "ht_result": "L",
            "is_home": false,
            "league": "Copa del Rey - 2nd Round",
            "opponent": "Ceuta",
            "result": "W"
          },
          {
            "date": "2024-12-02",
            "ft_result": "D",
            "goals_conceded": 1,
            "goals_scored": 1,
            "ht_ft_code": "X/X",
            "ht_goals_conceded": 0,
            "ht_goals_scored": 0,
            "ht_result": "D",
            "is_home": false,
            "league": "La Liga",
            "opponent": "Sevilla",
            "result": "D"
          },
          {
            "date": "2024-11-24",
            "ft_result": "D",
            "goals_conceded": 2,
            "goals_scored": 2,
            "ht_ft_code": "1/X",
            "ht_goals_conceded": 0,
            "ht_goals_scored": 2,
            "ht_result": "W",
            "is_home": true,
            "league": "La Liga",
            "opponent": "Villarreal",
            "result": "D"
          }
        ],
        "last_10": [
          {
            "date": "2025-03-30",
            "ft_result": "D",
            "goals_conceded": 0,
            "goals_scored": 0,
            "ht_ft_code": "X/X",
            "ht_goals_conceded": 0,
            "ht_goals_scored": 0,
            "ht_result": "D",
            "is_home": false,
            "league": "La Liga",
            "opponent": "Ath Bilbao",
            "result": "D"
          },
          {
            "date": "2025-03-27",
            "ft_result": "L",
            "goals_conceded": 3,
            "goals_scored": 0,
            "ht_ft_code": "2/2",
            "ht_goals_conceded": 2,
            "ht_goals_scored": 0,
            "ht_result": "L",
            "is_home": false,
            "league": "La Liga",
            "opponent": "Barcelona",
            "result": "L"
          },
          {
            "date": "2025-03-16",
            "ft_result": "L",
            "goals_conceded": 2,
            "goals_scored": 1,
            "ht_ft_code": "1/2",
            "ht_goals_conceded": 0,
            "ht_goals_scored": 1,
            "ht_result": "W",
            "is_home": true,
            "league": "La Liga",
            "opponent": "Getafe",
            "result": "L"
          },
          {
            "date": "2025-03-02",
            "ft_result": "D",
            "goals_conceded": 3,
            "goals_scored": 3,
            "ht_ft_code": "1/X",
            "ht_goals_conceded": 2,
            "ht_goals_scored": 3,
            "ht_result": "W",
            "is_home": true,
            "league": "La Liga",
            "opponent": "Valencia",
            "result": "D"
          },
          {
            "date": "2025-02-21",
            "ft_result": "L",
            "goals_conceded": 1,
            "goals_scored": 0,
            "ht_ft_code": "X/2",
            "ht_goals_conceded": 0,
            "ht_goals_scored": 0,
            "ht_result": "D",
            "is_home": false,
            "league": "La Liga",
            "opponent": "Celta Vigo",
            "result": "L"
          },
          {
            "date": "2025-02-15",
            "ft_result": "D",
            "goals_conceded": 1,
            "goals_scored": 1,
            "ht_ft_code": "2/X",
            "ht_goals_conceded": 1,
            "ht_goals_scored": 0,
            "ht_result": "L",
            "is_home": true,
            "league": "La Liga",
            "opponent": "Real Madrid",
            "result": "D"
          },
          {
            "date": "2025-02-10",
            "ft_result": "D",
            "goals_conceded": 1,
            "goals_scored": 1,
            "ht_ft_code": "X/X",
            "ht_goals_conceded": 0,
            "ht_goals_scored": 0,
            "ht_result": "D",
            "is_home": false,
            "league": "La Liga",
            "opponent": "Mallorca",
            "result": "D"
          },
          {
            "date": "2025-02-06",
            "ft_result": "L",
            "goals_conceded": 2,
            "goals_scored": 0,
            "ht_ft_code": "2/2",
            "ht_goals_conceded": 2,
            "ht_goals_scored": 0,
            "ht_result": "L",
            "is_home": false,
            "league": "Copa del Rey - Quarter-finals",
            "opponent": "Real Sociedad",
            "result": "L"
          },
          {
            "date": "2025-02-02",
            "ft_result": "W",
            "goals_conceded": 1,
            "goals_scored": 2,
            "ht_ft_code": "1/1",
            "ht_goals_conceded": 0,
            "ht_goals_scored": 1,
            "ht_result": "W",
            "is_home": true,
            "league": "La Liga",
            "opponent": "Real Sociedad",
            "result": "W"
          },
          {
            "date": "2025-01-24",
            "ft_result": "D",
            "goals_conceded": 1,
            "goals_scored": 1,
            "ht_ft_code": "X/X",
            "ht_goals_conceded": 0,
            "ht_goals_scored": 0,
            "ht_result": "D",
            "is_home": false,
            "league": "La Liga",
            "opponent": "Las Palmas",
            "result": "D"
          }
        ],
        "last_15": [
          {
            "date": "2025-03-30",
            "ft_result": "D",
            "goals_conceded": 0,
            "goals_scored": 0,
            "ht_ft_code": "X/X",
            "ht_goals_conceded": 0,
            "ht_goals_scored": 0,
            "ht_result": "D",
            "is_home": false,
            "league": "La Liga",
            "opponent": "Ath Bilbao",
            "result": "D"
          },
          {
            "date": "2025-03-27",
            "ft_result": "L",
            "goals_conceded": 3,
            "goals_scored": 0,
            "ht_ft_code": "2/2",
            "ht_goals_conceded": 2,
            "ht_goals_scored": 0,
            "ht_result": "L",
            "is_home": false,
            "league": "La Liga",
            "opponent": "Barcelona",
            "result": "L"
          },
          {
            "date": "2025-03-16",
            "ft_result": "L",
            "goals_conceded": 2,
            "goals_scored": 1,
            "ht_ft_code": "1/2",
            "ht_goals_conceded": 0,
            "ht_goals_scored": 1,
            "ht_result": "W",
            "is_home": true,
            "league": "La Liga",
            "opponent": "Getafe",
            "result": "L"
          },
          {
            "date": "2025-03-02",
            "ft_result": "D",
            "goals_conceded": 3,
            "goals_scored": 3,
            "ht_ft_code": "1/X",
            "ht_goals_conceded": 2,
            "ht_goals_scored": 3,
            "ht_result": "W",
            "is_home": true,
            "league": "La Liga",
            "opponent": "Valencia",
            "result": "D"
          },
          {
            "date": "2025-02-21",
            "ft_result": "L",
            "goals_conceded": 1,
            "goals_scored": 0,
            "ht_ft_code": "X/2",
            "ht_goals_conceded": 0,
            "ht_goals_scored": 0,
            "ht_result": "D",
            "is_home": false,
            "league": "La Liga",
            "opponent": "Celta Vigo",
            "result": "L"
          },
          {
            "date": "2025-02-15",
            "ft_result": "D",
            "goals_conceded": 1,
            "goals_scored": 1,
            "ht_ft_code": "2/X",
            "ht_goals_conceded": 1,
            "ht_goals_scored": 0,
            "ht_result": "L",
            "is_home": true,
            "league": "La Liga",
            "opponent": "Real Madrid",
            "result": "D"
          },
          {
            "date": "2025-02-10",
            "ft_result": "D",
            "goals_conceded": 1,
            "goals_scored": 1,
            "ht_ft_code": "X/X",
            "ht_goals_conceded": 0,
            "ht_goals_scored": 0,
            "ht_result": "D",
            "is_home": false,
            "league": "La Liga",
            "opponent": "Mallorca",
            "result": "D"
          },
          {
            "date": "2025-02-06",
            "ft_result": "L",
            "goals_conceded": 2,
            "goals_scored": 0,
            "ht_ft_code": "2/2",
            "ht_goals_conceded": 2,
            "ht_goals_scored": 0,
            "ht_result": "L",
            "is_home": false,
            "league": "Copa del Rey - Quarter-finals",
            "opponent": "Real Sociedad",
            "result": "L"
          },
          {
            "date": "2025-02-02",
            "ft_result": "W",
            "goals_conceded": 1,
            "goals_scored": 2,
            "ht_ft_code": "1/1",
            "ht_goals_conceded": 0,
            "ht_goals_scored": 1,
            "ht_result": "W",
            "is_home": true,
            "league": "La Liga",
            "opponent": "Real Sociedad",
            "result": "W"
          },
          {
            "date": "2025-01-24",
            "ft_result": "D",
            "goals_conceded": 1,
            "goals_scored": 1,
            "ht_ft_code": "X/X",
            "ht_goals_conceded": 0,
            "ht_goals_scored": 0,
            "ht_result": "D",
            "is_home": false,
            "league": "La Liga",
            "opponent": "Las Palmas",
            "result": "D"
          },
          {
            "date": "2025-01-19",
            "ft_result": "D",
            "goals_conceded": 1,
            "goals_scored": 1,
            "ht_ft_code": "2/X",
            "ht_goals_conceded": 1,
            "ht_goals_scored": 0,
            "ht_result": "L",
            "is_home": true,
            "league": "La Liga",
            "opponent": "Rayo Vallecano",
            "result": "D"
          },
          {
            "date": "2025-01-16",
            "ft_result": "W",
            "goals_conceded": 2,
            "goals_scored": 3,
            "ht_ft_code": "1/1",
            "ht_goals_conceded": 1,
            "ht_goals_scored": 2,
            "ht_result": "W",
            "is_home": false,
            "league": "Copa del Rey - Round of 16",
            "opponent": "Athletic Bilbao",
            "result": "W"
          },
          {
            "date": "2025-01-12",
            "ft_result": "L",
            "goals_conceded": 1,
            "goals_scored": 0,
            "ht_ft_code": "X/2",
            "ht_goals_conceded": 0,
            "ht_goals_scored": 0,
            "ht_result": "D",
            "is_home": false,
            "league": "La Liga",
            "opponent": "Atletico Madrid",
            "result": "L"
          },
          {
            "date": "2025-01-04",
            "ft_result": "W",
            "goals_conceded": 1,
            "goals_scored": 2,
            "ht_ft_code": "1/1",
            "ht_goals_conceded": 1,
            "ht_goals_scored": 2,
            "ht_result": "W",
            "is_home": false,
            "league": "Copa del Rey - Round of 32",
            "opponent": "Tenerife",
            "result": "W"
          },
          {
            "date": "2024-12-21",
            "ft_result": "L",
            "goals_conceded": 2,
            "goals_scored": 1,
            "ht_ft_code": "X/2",
            "ht_goals_conceded": 1,
            "ht_goals_scored": 1,
            "ht_result": "D",
            "is_home": true,
            "league": "La Liga",
            "opponent": "Ath Bilbao",
            "result": "L"
          }
        ],
        "last_5": [
          {
            "date": "2025-03-30",
            "ft_result": "D",
            "goals_conceded": 0,
            "goals_scored": 0,
            "ht_ft_code": "X/X",
            "ht_goals_conceded": 0,
            "ht_goals_scored": 0,
            "ht_result": "D",
            "is_home": false,
            "league": "La Liga",
            "opponent": "Ath Bilbao",
            "result": "D"
          },
          {
            "date": "2025-03-27",
            "ft_result": "L",
            "goals_conceded": 3,
            "goals_scored": 0,
            "ht_ft_code": "2/2",
            "ht_goals_conceded": 2,
            "ht_goals_scored": 0,
            "ht_result": "L",
            "is_home": false,
            "league": "La Liga",
            "opponent": "Barcelona",
            "result": "L"
          },
          {
            "date": "2025-03-16",
            "ft_result": "L",
            "goals_conceded": 2,
            "goals_scored": 1,
            "ht_ft_code": "1/2",
            "ht_goals_conceded": 0,
            "ht_goals_scored": 1,
            "ht_result": "W",
            "is_home": true,
            "league": "La Liga",
            "opponent": "Getafe",
            "result": "L"
          },
          {
            "date": "2025-03-02",
            "ft_result": "D",
            "goals_conceded": 3,
            "goals_scored": 3,
            "ht_ft_code": "1/X",
            "ht_goals_conceded": 2,
            "ht_goals_scored": 3,
            "ht_result": "W",
            "is_home": true,
            "league": "La Liga",
            "opponent": "Valencia",
            "result": "D"
          },
          {
            "date": "2025-02-21",
            "ft_result": "L",
            "goals_conceded": 1,
            "goals_scored": 0,
            "ht_ft_code": "X/2",
            "ht_goals_conceded": 0,
            "ht_goals_scored": 0,
            "ht_result": "D",
            "is_home": false,
            "league": "La Liga",
            "opponent": "Celta Vigo",
            "result": "L"
          }
        ]
      },
      "form_points": 0.3492063492063492,
      "half_time_analysis": {
        "first_half_goals": 12,
        "first_half_performance": 0.5,
        "ht_ft_counts": {
          "1/1": 3,
          "1/2": 1,
          "1/X": 2,
          "2/1": 1,
          "2/2": 2,
          "2/X": 3,
          "X/1": 0,
          "X/2": 3,
          "X/X": 5
        },
        "ht_ft_trends": [
          [
            "X/X",
            5
          ],
          [
            "1/1",
            3
          ],
          [
            "X/2",
            3
          ]
        ],
        "second_half_goals": 12,
        "second_half_performance": 0.5
      },
      "home_matches": 8,
      "home_performance": {
        "avg_goals_conceded": 1.75,
        "avg_goals_scored": 1.625,
        "avg_ht_goals_conceded": 0.75,
        "avg_ht_goals_scored": 1.0,
        "bayesian_goals_conceded": 1.5384615384615385,
        "bayesian_goals_scored": 1.5769230769230769,
        "form_points": 0.3333333333333333,
        "ht_draws": 1,
        "ht_ft_stats": {
          "1/1": 1,
          "1/2": 1,
          "1/X": 2,
          "2/1": 0,
          "2/2": 0,
          "2/X": 3,
          "X/1": 0,
          "X/2": 1,
          "X/X": 0
        },
        "ht_losses": 3,
        "ht_wins": 4,
        "weighted_avg_goals_conceded": 1.8147268896288955,
        "weighted_avg_goals_scored": 1.638805107242949,
        "weighted_form_points": 0.3161900650232014
      },
      "recent_match_data": [
        {
          "date": "2025-03-30",
          "ft_result": "D",
          "goals_conceded": 0,
          "goals_scored": 0,
          "ht_ft_code": "X/X",
          "ht_goals_conceded": 0,
          "ht_goals_scored": 0,
          "ht_result": "D",
          "is_home": false,
          "league": "La Liga",
          "opponent": "Ath Bilbao",
          "result": "D"
        },
        {
          "date": "2025-03-27",
          "ft_result": "L",
          "goals_conceded": 3,
          "goals_scored": 0,
          "ht_ft_code": "2/2",
          "ht_goals_conceded": 2,
          "ht_goals_scored": 0,
          "ht_result": "L",
          "is_home": false,
          "league": "La Liga",
          "opponent": "Barcelona",
          "result": "L"
        },
        {
          "date": "2025-03-16",
          "ft_result": "L",
          "goals_conceded": 2,
          "goals_scored": 1,
          "ht_ft_code": "1/2",
          "ht_goals_conceded": 0,
          "ht_goals_scored": 1,
          "ht_result": "W",
          "is_home": true,
          "league": "La Liga",
          "opponent": "Getafe",
          "result": "L"
        },
        {
          "date": "2025-03-02",
          "ft_result": "D",
          "goals_conceded": 3,
          "goals_scored": 3,
          "ht_ft_code": "1/X",
          "ht_goals_conceded": 2,
          "ht_goals_scored": 3,
          "ht_result": "W",
          "is_home": true,
          "league": "La Liga",
          "opponent": "Valencia",
          "result": "D"
        },
        {
          "date": "2025-02-21",
          "ft_result": "L",
          "goals_conceded": 1,
          "goals_scored": 0,
          "ht_ft_code": "X/2",
          "ht_goals_conceded": 0,
          "ht_goals_scored": 0,
          "ht_result": "D",
          "is_home": false,
          "league": "La Liga",
          "opponent": "Celta Vigo",
          "result": "L"
        },
        {
          "date": "2025-02-15",
          "ft_result": "D",
          "goals_conceded": 1,
          "goals_scored": 1,
          "ht_ft_code": "2/X",
          "ht_goals_conceded": 1,
          "ht_goals_scored": 0,
          "ht_result": "L",
          "is_home": true,
          "league": "La Liga",
          "opponent": "Real Madrid",
          "result": "D"
        },
        {
          "date": "2025-02-10",
          "ft_result": "D",
          "goals_conceded": 1,
          "goals_scored": 1,
          "ht_ft_code": "X/X",
          "ht_goals_conceded": 0,
          "ht_goals_scored": 0,
          "ht_result": "D",
          "is_home": false,
          "league": "La Liga",
          "opponent": "Mallorca",
          "result": "D"
        },
        {
          "date": "2025-02-06",
          "ft_result": "L",
          "goals_conceded": 2,
          "goals_scored": 0,
          "ht_ft_code": "2/2",
          "ht_goals_conceded": 2,
          "ht_goals_scored": 0,
          "ht_result": "L",
          "is_home": false,
          "league": "Copa del Rey - Quarter-finals",
          "opponent": "Real Sociedad",
          "result": "L"
        },
        {
          "date": "2025-02-02",
          "ft_result": "W",
          "goals_conceded": 1,
          "goals_scored": 2,
          "ht_ft_code": "1/1",
          "ht_goals_conceded": 0,
          "ht_goals_scored": 1,
          "ht_result": "W",
          "is_home": true,
          "league": "La Liga",
          "opponent": "Real Sociedad",
          "result": "W"
        },
        {
          "date": "2025-01-24",
          "ft_result": "D",
          "goals_conceded": 1,
          "goals_scored": 1,
          "ht_ft_code": "X/X",
          "ht_goals_conceded": 0,
          "ht_goals_scored": 0,
          "ht_result": "D",
          "is_home": false,
          "league": "La Liga",
          "opponent": "Las Palmas",
          "result": "D"
        },
        {
          "date": "2025-01-19",
          "ft_result": "D",
          "goals_conceded": 1,
          "goals_scored": 1,
          "ht_ft_code": "2/X",
          "ht_goals_conceded": 1,
          "ht_goals_scored": 0,
          "ht_result": "L",
          "is_home": true,
          "league": "La Liga",
          "opponent": "Rayo Vallecano",
          "result": "D"
        },
        {
          "date": "2025-01-16",
          "ft_result": "W",
          "goals_conceded": 2,
          "goals_scored": 3,
          "ht_ft_code": "1/1",
          "ht_goals_conceded": 1,
          "ht_goals_scored": 2,
          "ht_result": "W",
          "is_home": false,
          "league": "Copa del Rey - Round of 16",
          "opponent": "Athletic Bilbao",
          "result": "W"
        },
        {
          "date": "2025-01-12",
          "ft_result": "L",
          "goals_conceded": 1,
          "goals_scored": 0,
          "ht_ft_code": "X/2",
          "ht_goals_conceded": 0,
          "ht_goals_scored": 0,
          "ht_result": "D",
          "is_home": false,
          "league": "La Liga",
          "opponent": "Atletico Madrid",
          "result": "L"
        },
        {
          "date": "2025-01-04",
          "ft_result": "W",
          "goals_conceded": 1,
          "goals_scored": 2,
          "ht_ft_code": "1/1",
          "ht_goals_conceded": 1,
          "ht_goals_scored": 2,
          "ht_result": "W",
          "is_home": false,
          "league": "Copa del Rey - Round of 32",
          "opponent": "Tenerife",
          "result": "W"
        },
        {
          "date": "2024-12-21",
          "ft_result": "L",
          "goals_conceded": 2,
          "goals_scored": 1,
          "ht_ft_code": "X/2",
          "ht_goals_conceded": 1,
          "ht_goals_scored": 1,
          "ht_result": "D",
          "is_home": true,
          "league": "La Liga",
          "opponent": "Ath Bilbao",
          "result": "L"
        },
        {
          "date": "2024-12-14",
          "ft_result": "D",
          "goals_conceded": 0,
          "goals_scored": 0,
          "ht_ft_code": "X/X",
          "ht_goals_conceded": 0,
          "ht_goals_scored": 0,
          "ht_result": "D",
          "is_home": false,
          "league": "La Liga",
          "opponent": "Espanyol",
          "result": "D"
        },
        {
          "date": "2024-12-08",
          "ft_result": "D",
          "goals_conceded": 2,
          "goals_scored": 2,
          "ht_ft_code": "2/X",
          "ht_goals_conceded": 1,
          "ht_goals_scored": 0,
          "ht_result": "L",
          "is_home": true,
          "league": "La Liga",
          "opponent": "Alaves",
          "result": "D"
        },
        {
          "date": "2024-12-05",
          "ft_result": "W",
          "goals_conceded": 2,
          "goals_scored": 3,
          "ht_ft_code": "2/1",
          "ht_goals_conceded": 1,
          "ht_goals_scored": 0,
          "ht_result": "L",
          "is_home": false,
          "league": "Copa del Rey - 2nd Round",
          "opponent": "Ceuta",
          "result": "W"
        },
        {
          "date": "2024-12-02",
          "ft_result": "D",
          "goals_conceded": 1,
          "goals_scored": 1,
          "ht_ft_code": "X/X",
          "ht_goals_conceded": 0,
          "ht_goals_scored": 0,
          "ht_result": "D",
          "is_home": false,
          "league": "La Liga",
          "opponent": "Sevilla",
          "result": "D"
        },
        {
          "date": "2024-11-24",
          "ft_result": "D",
          "goals_conceded": 2,
          "goals_scored": 2,
          "ht_ft_code": "1/X",
          "ht_goals_conceded": 0,
          "ht_goals_scored": 2,
          "ht_result": "W",
          "is_home": true,
          "league": "La Liga",
          "opponent": "Villarreal",
          "result": "D"
        }
      ],
      "recent_matches": 21,
      "style": {
        "defensive": 0.1,
        "description": "Standart",
        "factors": {
          "away_goal_factor": 1.0,
          "concede_factor": 0.8,
          "draw_bias": 0.0,
          "goal_factor": 1.0,
          "home_goal_factor": 1.0,
          "variance_factor": 1.0
        },
        "offensive": 0.8,
        "possession": 0.5
      },
      "weighted_avg_goals_conceded": 1.497498537468537,
      "weighted_avg_goals_scored": 0.9887853892508951,
      "weighted_form_points": 0.29443326104098205
    },
    "form_periods": {
      "last_3": {
        "avg_conceded": 1.6666666666666667,
        "avg_goals": 0.3333333333333333,
        "form_points": 0.1111111111111111
      },
      "last_6": {
        "avg_conceded": 1.6666666666666667,
        "avg_goals": 0.8333333333333334,
        "form_points": 0.16666666666666666
      },
      "last_9": {
        "avg_conceded": 1.5555555555555556,
        "avg_goals": 0.8888888888888888,
        "form_points": 0.25925925925925924
      }
    },
    "id": "7269",
    "name": "Osasuna"
  },
  "cache_timestamp": 1744042246.217287,
  "date_predicted": "2025-04-07 16:10:45",
  "enhanced_factors": {
    "historical_pattern": {
      "description": "Ge\u00e7mi\u015f kar\u015f\u0131la\u015fma verisi bulunamad\u0131",
      "has_pattern": false,
      "score_adjustment": [
        1.0,
        1.0
      ]
    },
    "match_importance": {
      "away_importance": 1.0,
      "derby_effect": 1.0,
      "description": "Ma\u00e7 \u00f6nemi y\u00fcksek: sezon sonuna yakla\u015f\u0131m (x1.38)",
      "factor": 1.375,
      "home_importance": 1.0,
      "season_end_effect": 1.375
    },
    "momentum": {
      "away_momentum": 0.895483870967742,
      "description": "Ev momentum: 0.82, Deplasman momentum: 0.90",
      "home_momentum": 0.8161290322580645
    }
  },
  "from_cache": false,
  "head_to_head": {
    "avg_away_goals": 1.0,
    "avg_home_goals": 1.0,
    "away_wins": 0,
    "draws": 1,
    "home_wins": 0,
    "recent_matches": [
      {
        "away_score": 1,
        "date": "2024-08-17",
        "home_score": 1,
        "league": "La Liga",
        "result": "D"
      }
    ],
    "total_matches": 1
  },
  "home_team": {
    "form": {
      "avg_goals_conceded": 1.7142857142857142,
      "avg_goals_scored": 1.0476190476190477,
      "away_matches": 10,
      "away_performance": {
        "avg_goals_conceded": 1.5,
        "avg_goals_scored": 1.1,
        "avg_ht_goals_conceded": 0.9,
        "avg_ht_goals_scored": 0.7,
        "bayesian_goals_conceded": 1.5,
        "bayesian_goals_scored": 1.1333333333333333,
        "form_points": 0.4,
        "ht_draws": 5,
        "ht_ft_stats": {
          "1/1": 1,
          "1/2": 1,
          "1/X": 0,
          "2/1": 0,
          "2/2": 3,
          "2/X": 0,
          "X/1": 2,
          "X/2": 0,
          "X/X": 3
        },
        "ht_losses": 3,
        "ht_wins": 2,
        "weighted_avg_goals_conceded": 1.9526864946888123,
        "weighted_avg_goals_scored": 1.0668310374841676,
        "weighted_form_points": 0.22808057117029376
      },
      "bayesian": {
        "away_lambda_conceded": 1.5,
        "away_lambda_scored": 1.1333333333333333,
        "home_lambda_conceded": 1.9285714285714286,
        "home_lambda_scored": 1.3214285714285714,
        "n_away": 10,
        "n_home": 9
      },
      "detailed_data": {
        "all": [
          {
            "date": "2025-03-29",
            "ft_result": "L",
            "goals_conceded": 3,
            "goals_scored": 2,
            "ht_ft_code": "1/2",
            "ht_goals_conceded": 1,
            "ht_goals_scored": 2,
            "ht_result": "W",
            "is_home": false,
            "league": "La Liga",
            "opponent": "Real Madrid",
            "result": "L"
          },
          {
            "date": "2025-03-16",
            "ft_result": "L",
            "goals_conceded": 3,
            "goals_scored": 2,
            "ht_ft_code": "1/2",
            "ht_goals_conceded": 0,
            "ht_goals_scored": 2,
            "ht_result": "W",
            "is_home": true,
            "league": "La Liga",
            "opponent": "Real Betis",
            "result": "L"
          },
          {
            "date": "2025-03-08",
            "ft_result": "L",
            "goals_conceded": 2,
            "goals_scored": 1,
            "ht_ft_code": "2/2",
            "ht_goals_conceded": 2,
            "ht_goals_scored": 1,
            "ht_result": "L",
            "is_home": false,
            "league": "La Liga",
            "opponent": "Celta Vigo",
            "result": "L"
          },
          {
            "date": "2025-03-02",
            "ft_result": "W",
            "goals_conceded": 0,
            "goals_scored": 1,
            "ht_ft_code": "X/1",
            "ht_goals_conceded": 0,
            "ht_goals_scored": 0,
            "ht_result": "D",
            "is_home": true,
            "league": "La Liga",
            "opponent": "Getafe",
            "result": "W"
          },
          {
            "date": "2025-02-23",
            "ft_result": "L",
            "goals_conceded": 3,
            "goals_scored": 0,
            "ht_ft_code": "2/2",
            "ht_goals_conceded": 1,
            "ht_goals_scored": 0,
            "ht_result": "L",
            "is_home": false,
            "league": "La Liga",
            "opponent": "Real Sociedad",
            "result": "L"
          },
          {
            "date": "2025-02-15",
            "ft_result": "D",
            "goals_conceded": 3,
            "goals_scored": 3,
            "ht_ft_code": "1/X",
            "ht_goals_conceded": 1,
            "ht_goals_scored": 2,
            "ht_result": "W",
            "is_home": true,
            "league": "La Liga",
            "opponent": "Alaves",
            "result": "D"
          },
          {
            "date": "2025-02-09",
            "ft_result": "L",
            "goals_conceded": 2,
            "goals_scored": 0,
            "ht_ft_code": "2/2",
            "ht_goals_conceded": 2,
            "ht_goals_scored": 0,
            "ht_result": "L",
            "is_home": false,
            "league": "La Liga",
            "opponent": "Valencia",
            "result": "L"
          },
          {
            "date": "2025-02-05",
            "ft_result": "L",
            "goals_conceded": 3,
            "goals_scored": 2,
            "ht_ft_code": "2/2",
            "ht_goals_conceded": 2,
            "ht_goals_scored": 1,
            "ht_result": "L",
            "is_home": true,
            "league": "Copa del Rey - Quarter-finals",
            "opponent": "Real Madrid",
            "result": "L"
          },
          {
            "date": "2025-01-31",
            "ft_result": "L",
            "goals_conceded": 1,
            "goals_scored": 0,
            "ht_ft_code": "X/2",
            "ht_goals_conceded": 0,
            "ht_goals_scored": 0,
            "ht_result": "D",
            "is_home": true,
            "league": "La Liga",
            "opponent": "Rayo Vallecano",
            "result": "L"
          },
          {
            "date": "2025-01-26",
            "ft_result": "D",
            "goals_conceded": 0,
            "goals_scored": 0,
            "ht_ft_code": "X/X",
            "ht_goals_conceded": 0,
            "ht_goals_scored": 0,
            "ht_result": "D",
            "is_home": false,
            "league": "La Liga",
            "opponent": "Athletic Bilbao",
            "result": "D"
          },
          {
            "date": "2025-01-18",
            "ft_result": "W",
            "goals_conceded": 0,
            "goals_scored": 1,
            "ht_ft_code": "X/1",
            "ht_goals_conceded": 0,
            "ht_goals_scored": 0,
            "ht_result": "D",
            "is_home": true,
            "league": "La Liga",
            "opponent": "Atletico Madrid",
            "result": "W"
          },
          {
            "date": "2025-01-15",
            "ft_result": "W",
            "goals_conceded": 2,
            "goals_scored": 3,
            "ht_ft_code": "X/1",
            "ht_goals_conceded": 1,
            "ht_goals_scored": 1,
            "ht_result": "D",
            "is_home": false,
            "league": "Copa del Rey - Round of 16",
            "opponent": "Almeria",
            "result": "W"
          },
          {
            "date": "2025-01-11",
            "ft_result": "D",
            "goals_conceded": 1,
            "goals_scored": 1,
            "ht_ft_code": "X/X",
            "ht_goals_conceded": 1,
            "ht_goals_scored": 1,
            "ht_result": "D",
            "is_home": false,
            "league": "La Liga",
            "opponent": "Espanyol",
            "result": "D"
          },
          {
            "date": "2025-01-05",
            "ft_result": "W",
            "goals_conceded": 1,
            "goals_scored": 2,
            "ht_ft_code": "X/1",
            "ht_goals_conceded": 1,
            "ht_goals_scored": 1,
            "ht_result": "D",
            "is_home": false,
            "league": "Copa del Rey - Round of 32",
            "opponent": "FC Cartagena",
            "result": "W"
          },
          {
            "date": "2024-12-22",
            "ft_result": "L",
            "goals_conceded": 5,
            "goals_scored": 2,
            "ht_ft_code": "X/2",
            "ht_goals_conceded": 2,
            "ht_goals_scored": 2,
            "ht_result": "D",
            "is_home": true,
            "league": "La Liga",
            "opponent": "Villarreal",
            "result": "L"
          },
          {
            "date": "2024-12-15",
            "ft_result": "W",
            "goals_conceded": 0,
            "goals_scored": 1,
            "ht_ft_code": "1/1",
            "ht_goals_conceded": 0,
            "ht_goals_scored": 1,
            "ht_result": "W",
            "is_home": false,
            "league": "La Liga",
            "opponent": "Barcelona",
            "result": "W"
          },
          {
            "date": "2024-12-08",
            "ft_result": "L",
            "goals_conceded": 3,
            "goals_scored": 0,
            "ht_ft_code": "2/2",
            "ht_goals_conceded": 1,
            "ht_goals_scored": 0,
            "ht_result": "L",
            "is_home": true,
            "league": "La Liga",
            "opponent": "Real Sociedad",
            "result": "L"
          },
          {
            "date": "2024-11-30",
            "ft_result": "D",
            "goals_conceded": 1,
            "goals_scored": 1,
            "ht_ft_code": "X/X",
            "ht_goals_conceded": 0,
            "ht_goals_scored": 0,
            "ht_result": "D",
            "is_home": false,
            "league": "La Liga",
            "opponent": "Alaves",
            "result": "D"
          },
          {
            "date": "2024-11-24",
            "ft_result": "L",
            "goals_conceded": 3,
            "goals_scored": 0,
            "ht_ft_code": "2/2",
            "ht_goals_conceded": 1,
            "ht_goals_scored": 0,
            "ht_result": "L",
            "is_home": true,
            "league": "La Liga",
            "opponent": "Real Madrid",
            "result": "L"
          }
        ],
        "last_10": [
          {
            "date": "2025-03-29",
            "ft_result": "L",
            "goals_conceded": 3,
            "goals_scored": 2,
            "ht_ft_code": "1/2",
            "ht_goals_conceded": 1,
            "ht_goals_scored": 2,
            "ht_result": "W",
            "is_home": false,
            "league": "La Liga",
            "opponent": "Real Madrid",
            "result": "L"
          },
          {
            "date": "2025-03-16",
            "ft_result": "L",
            "goals_conceded": 3,
            "goals_scored": 2,
            "ht_ft_code": "1/2",
            "ht_goals_conceded": 0,
            "ht_goals_scored": 2,
            "ht_result": "W",
            "is_home": true,
            "league": "La Liga",
            "opponent": "Real Betis",
            "result": "L"
          },
          {
            "date": "2025-03-08",
            "ft_result": "L",
            "goals_conceded": 2,
            "goals_scored": 1,
            "ht_ft_code": "2/2",
            "ht_goals_conceded": 2,
            "ht_goals_scored": 1,
            "ht_result": "L",
            "is_home": false,
            "league": "La Liga",
            "opponent": "Celta Vigo",
            "result": "L"
          },
          {
            "date": "2025-03-02",
            "ft_result": "W",
            "goals_conceded": 0,
            "goals_scored": 1,
            "ht_ft_code": "X/1",
            "ht_goals_conceded": 0,
            "ht_goals_scored": 0,
            "ht_result": "D",
            "is_home": true,
            "league": "La Liga",
            "opponent": "Getafe",
            "result": "W"
          },
          {
            "date": "2025-02-23",
            "ft_result": "L",
            "goals_conceded": 3,
            "goals_scored": 0,
            "ht_ft_code": "2/2",
            "ht_goals_conceded": 1,
            "ht_goals_scored": 0,
            "ht_result": "L",
            "is_home": false,
            "league": "La Liga",
            "opponent": "Real Sociedad",
            "result": "L"
          },
          {
            "date": "2025-02-15",
            "ft_result": "D",
            "goals_conceded": 3,
            "goals_scored": 3,
            "ht_ft_code": "1/X",
            "ht_goals_conceded": 1,
            "ht_goals_scored": 2,
            "ht_result": "W",
            "is_home": true,
            "league": "La Liga",
            "opponent": "Alaves",
            "result": "D"
          },
          {
            "date": "2025-02-09",
            "ft_result": "L",
            "goals_conceded": 2,
            "goals_scored": 0,
            "ht_ft_code": "2/2",
            "ht_goals_conceded": 2,
            "ht_goals_scored": 0,
            "ht_result": "L",
            "is_home": false,
            "league": "La Liga",
            "opponent": "Valencia",
            "result": "L"
          },
          {
            "date": "2025-02-05",
            "ft_result": "L",
            "goals_conceded": 3,
            "goals_scored": 2,
            "ht_ft_code": "2/2",
            "ht_goals_conceded": 2,
            "ht_goals_scored": 1,
            "ht_result": "L",
            "is_home": true,
            "league": "Copa del Rey - Quarter-finals",
            "opponent": "Real Madrid",
            "result": "L"
          },
          {
            "date": "2025-01-31",
            "ft_result": "L",
            "goals_conceded": 1,
            "goals_scored": 0,
            "ht_ft_code": "X/2",
            "ht_goals_conceded": 0,
            "ht_goals_scored": 0,
            "ht_result": "D",
            "is_home": true,
            "league": "La Liga",
            "opponent": "Rayo Vallecano",
            "result": "L"
          },
          {
            "date": "2025-01-26",
            "ft_result": "D",
            "goals_conceded": 0,
            "goals_scored": 0,
            "ht_ft_code": "X/X",
            "ht_goals_conceded": 0,
            "ht_goals_scored": 0,
            "ht_result": "D",
            "is_home": false,
            "league": "La Liga",
            "opponent": "Athletic Bilbao",
            "result": "D"
          }
        ],
        "last_15": [
          {
            "date": "2025-03-29",
            "ft_result": "L",
            "goals_conceded": 3,
            "goals_scored": 2,
            "ht_ft_code": "1/2",
            "ht_goals_conceded": 1,
            "ht_goals_scored": 2,
            "ht_result": "W",
            "is_home": false,
            "league": "La Liga",
            "opponent": "Real Madrid",
            "result": "L"
          },
          {
            "date": "2025-03-16",
            "ft_result": "L",
            "goals_conceded": 3,
            "goals_scored": 2,
            "ht_ft_code": "1/2",
            "ht_goals_conceded": 0,
            "ht_goals_scored": 2,
            "ht_result": "W",
            "is_home": true,
            "league": "La Liga",
            "opponent": "Real Betis",
            "result": "L"
          },
          {
            "date": "2025-03-08",
            "ft_result": "L",
            "goals_conceded": 2,
            "goals_scored": 1,
            "ht_ft_code": "2/2",
            "ht_goals_conceded": 2,
            "ht_goals_scored": 1,
            "ht_result": "L",
            "is_home": false,
            "league": "La Liga",
            "opponent": "Celta Vigo",
            "result": "L"
          },
          {
            "date": "2025-03-02",
            "ft_result": "W",
            "goals_conceded": 0,
            "goals_scored": 1,
            "ht_ft_code": "X/1",
            "ht_goals_conceded": 0,
            "ht_goals_scored": 0,
            "ht_result": "D",
            "is_home": true,
            "league": "La Liga",
            "opponent": "Getafe",
            "result": "W"
          },
          {
            "date": "2025-02-23",
            "ft_result": "L",
            "goals_conceded": 3,
            "goals_scored": 0,
            "ht_ft_code": "2/2",
            "ht_goals_conceded": 1,
            "ht_goals_scored": 0,
            "ht_result": "L",
            "is_home": false,
            "league": "La Liga",
            "opponent": "Real Sociedad",
            "result": "L"
          },
          {
            "date": "2025-02-15",
            "ft_result": "D",
            "goals_conceded": 3,
            "goals_scored": 3,
            "ht_ft_code": "1/X",
            "ht_goals_conceded": 1,
            "ht_goals_scored": 2,
            "ht_result": "W",
            "is_home": true,
            "league": "La Liga",
            "opponent": "Alaves",
            "result": "D"
          },
          {
            "date": "2025-02-09",
            "ft_result": "L",
            "goals_conceded": 2,
            "goals_scored": 0,
            "ht_ft_code": "2/2",
            "ht_goals_conceded": 2,
            "ht_goals_scored": 0,
            "ht_result": "L",
            "is_home": false,
            "league": "La Liga",
            "opponent": "Valencia",
            "result": "L"
          },
          {
            "date": "2025-02-05",
            "ft_result": "L",
            "goals_conceded": 3,
            "goals_scored": 2,
            "ht_ft_code": "2/2",
            "ht_goals_conceded": 2,
            "ht_goals_scored": 1,
            "ht_result": "L",
            "is_home": true,
            "league": "Copa del Rey - Quarter-finals",
            "opponent": "Real Madrid",
            "result": "L"
          },
          {
            "date": "2025-01-31",
            "ft_result": "L",
            "goals_conceded": 1,
            "goals_scored": 0,
            "ht_ft_code": "X/2",
            "ht_goals_conceded": 0,
            "ht_goals_scored": 0,
            "ht_result": "D",
            "is_home": true,
            "league": "La Liga",
            "opponent": "Rayo Vallecano",
            "result": "L"
          },
          {
            "date": "2025-01-26",
            "ft_result": "D",
            "goals_conceded": 0,
            "goals_scored": 0,
            "ht_ft_code": "X/X",
            "ht_goals_conceded": 0,
            "ht_goals_scored": 0,
            "ht_result": "D",
            "is_home": false,
            "league": "La Liga",
            "opponent": "Athletic Bilbao",
            "result": "D"
          },
          {
            "date": "2025-01-18",
            "ft_result": "W",
            "goals_conceded": 0,
            "goals_scored": 1,
            "ht_ft_code": "X/1",
            "ht_goals_conceded": 0,
            "ht_goals_scored": 0,
            "ht_result": "D",
            "is_home": true,
            "league": "La Liga",
            "opponent": "Atletico Madrid",
            "result": "W"
          },
          {
            "date": "2025-01-15",
            "ft_result": "W",
            "goals_conceded": 2,
            "goals_scored": 3,
            "ht_ft_code": "X/1",
            "ht_goals_conceded": 1,
            "ht_goals_scored": 1,
            "ht_result": "D",
            "is_home": false,
            "league": "Copa del Rey - Round of 16",
            "opponent": "Almeria",
            "result": "W"
          },
          {
            "date": "2025-01-11",
            "ft_result": "D",
            "goals_conceded": 1,
            "goals_scored": 1,
            "ht_ft_code": "X/X",
            "ht_goals_conceded": 1,
            "ht_goals_scored": 1,
            "ht_result": "D",
            "is_home": false,
            "league": "La Liga",
            "opponent": "Espanyol",
            "result": "D"
          },
          {
            "date": "2025-01-05",
            "ft_result": "W",
            "goals_conceded": 1,
            "goals_scored": 2,
            "ht_ft_code": "X/1",
            "ht_goals_conceded": 1,
            "ht_goals_scored": 1,
            "ht_result": "D",
            "is_home": false,
            "league": "Copa del Rey - Round of 32",
            "opponent": "FC Cartagena",
            "result": "W"
          },
          {
            "date": "2024-12-22",
            "ft_result": "L",
            "goals_conceded": 5,
            "goals_scored": 2,
            "ht_ft_code": "X/2",
            "ht_goals_conceded": 2,
            "ht_goals_scored": 2,
            "ht_result": "D",
            "is_home": true,
            "league": "La Liga",
            "opponent": "Villarreal",
            "result": "L"
          }
        ],
        "last_5": [
          {
            "date": "2025-03-29",
            "ft_result": "L",
            "goals_conceded": 3,
            "goals_scored": 2,
            "ht_ft_code": "1/2",
            "ht_goals_conceded": 1,
            "ht_goals_scored": 2,
            "ht_result": "W",
            "is_home": false,
            "league": "La Liga",
            "opponent": "Real Madrid",
            "result": "L"
          },
          {
            "date": "2025-03-16",
            "ft_result": "L",
            "goals_conceded": 3,
            "goals_scored": 2,
            "ht_ft_code": "1/2",
            "ht_goals_conceded": 0,
            "ht_goals_scored": 2,
            "ht_result": "W",
            "is_home": true,
            "league": "La Liga",
            "opponent": "Real Betis",
            "result": "L"
          },
          {
            "date": "2025-03-08",
            "ft_result": "L",
            "goals_conceded": 2,
            "goals_scored": 1,
            "ht_ft_code": "2/2",
            "ht_goals_conceded": 2,
            "ht_goals_scored": 1,
            "ht_result": "L",
            "is_home": false,
            "league": "La Liga",
            "opponent": "Celta Vigo",
            "result": "L"
          },
          {
            "date": "2025-03-02",
            "ft_result": "W",
            "goals_conceded": 0,
            "goals_scored": 1,
            "ht_ft_code": "X/1",
            "ht_goals_conceded": 0,
            "ht_goals_scored": 0,
            "ht_result": "D",
            "is_home": true,
            "league": "La Liga",
            "opponent": "Getafe",
            "result": "W"
          },
          {
            "date": "2025-02-23",
            "ft_result": "L",
            "goals_conceded": 3,
            "goals_scored": 0,
            "ht_ft_code": "2/2",
            "ht_goals_conceded": 1,
            "ht_goals_scored": 0,
            "ht_result": "L",
            "is_home": false,
            "league": "La Liga",
            "opponent": "Real Sociedad",
            "result": "L"
          }
        ]
      },
      "form_points": 0.30158730158730157,
      "half_time_analysis": {
        "first_half_goals": 14,
        "first_half_performance": 0.6363636363636364,
        "ht_ft_counts": {
          "1/1": 1,
          "1/2": 2,
          "1/X": 1,
          "2/1": 0,
          "2/2": 6,
          "2/X": 0,
          "X/1": 4,
          "X/2": 2,
          "X/X": 3
        },
        "ht_ft_trends": [
          [
            "2/2",
            6
          ],
          [
            "X/1",
            4
          ],
          [
            "X/X",
            3
          ]
        ],
        "second_half_goals": 8,
        "second_half_performance": 0.36363636363636365
      },
      "home_matches": 9,
      "home_performance": {
        "avg_goals_conceded": 2.3333333333333335,
        "avg_goals_scored": 1.2222222222222223,
        "avg_ht_goals_conceded": 0.7777777777777778,
        "avg_ht_goals_scored": 0.7777777777777778,
        "bayesian_goals_conceded": 1.9285714285714286,
        "bayesian_goals_scored": 1.3214285714285714,
        "form_points": 0.25925925925925924,
        "ht_draws": 4,
        "ht_ft_stats": {
          "1/1": 0,
          "1/2": 1,
          "1/X": 1,
          "2/1": 0,
          "2/2": 3,
          "2/X": 0,
          "X/1": 2,
          "X/2": 2,
          "X/X": 0
        },
        "ht_losses": 3,
        "ht_wins": 2,
        "weighted_avg_goals_conceded": 2.096782237868155,
        "weighted_avg_goals_scored": 1.5059975324070016,
        "weighted_form_points": 0.3165625157852514
      },
      "recent_match_data": [
        {
          "date": "2025-03-29",
          "ft_result": "L",
          "goals_conceded": 3,
          "goals_scored": 2,
          "ht_ft_code": "1/2",
          "ht_goals_conceded": 1,
          "ht_goals_scored": 2,
          "ht_result": "W",
          "is_home": false,
          "league": "La Liga",
          "opponent": "Real Madrid",
          "result": "L"
        },
        {
          "date": "2025-03-16",
          "ft_result": "L",
          "goals_conceded": 3,
          "goals_scored": 2,
          "ht_ft_code": "1/2",
          "ht_goals_conceded": 0,
          "ht_goals_scored": 2,
          "ht_result": "W",
          "is_home": true,
          "league": "La Liga",
          "opponent": "Real Betis",
          "result": "L"
        },
        {
          "date": "2025-03-08",
          "ft_result": "L",
          "goals_conceded": 2,
          "goals_scored": 1,
          "ht_ft_code": "2/2",
          "ht_goals_conceded": 2,
          "ht_goals_scored": 1,
          "ht_result": "L",
          "is_home": false,
          "league": "La Liga",
          "opponent": "Celta Vigo",
          "result": "L"
        },
        {
          "date": "2025-03-02",
          "ft_result": "W",
          "goals_conceded": 0,
          "goals_scored": 1,
          "ht_ft_code": "X/1",
          "ht_goals_conceded": 0,
          "ht_goals_scored": 0,
          "ht_result": "D",
          "is_home": true,
          "league": "La Liga",
          "opponent": "Getafe",
          "result": "W"
        },
        {
          "date": "2025-02-23",
          "ft_result": "L",
          "goals_conceded": 3,
          "goals_scored": 0,
          "ht_ft_code": "2/2",
          "ht_goals_conceded": 1,
          "ht_goals_scored": 0,
          "ht_result": "L",
          "is_home": false,
          "league": "La Liga",
          "opponent": "Real Sociedad",
          "result": "L"
        },
        {
          "date": "2025-02-15",
          "ft_result": "D",
          "goals_conceded": 3,
          "goals_scored": 3,
          "ht_ft_code": "1/X",
          "ht_goals_conceded": 1,
          "ht_goals_scored": 2,
          "ht_result": "W",
          "is_home": true,
          "league": "La Liga",
          "opponent": "Alaves",
          "result": "D"
        },
        {
          "date": "2025-02-09",
          "ft_result": "L",
          "goals_conceded": 2,
          "goals_scored": 0,
          "ht_ft_code": "2/2",
          "ht_goals_conceded": 2,
          "ht_goals_scored": 0,
          "ht_result": "L",
          "is_home": false,
          "league": "La Liga",
          "opponent": "Valencia",
          "result": "L"
        },
        {
          "date": "2025-02-05",
          "ft_result": "L",
          "goals_conceded": 3,
          "goals_scored": 2,
          "ht_ft_code": "2/2",
          "ht_goals_conceded": 2,
          "ht_goals_scored": 1,
          "ht_result": "L",
          "is_home": true,
          "league": "Copa del Rey - Quarter-finals",
          "opponent": "Real Madrid",
          "result": "L"
        },
        {
          "date": "2025-01-31",
          "ft_result": "L",
          "goals_conceded": 1,
          "goals_scored": 0,
          "ht_ft_code": "X/2",
          "ht_goals_conceded": 0,
          "ht_goals_scored": 0,
          "ht_result": "D",
          "is_home": true,
          "league": "La Liga",
          "opponent": "Rayo Vallecano",
          "result": "L"
        },
        {
          "date": "2025-01-26",
          "ft_result": "D",
          "goals_conceded": 0,
          "goals_scored": 0,
          "ht_ft_code": "X/X",
          "ht_goals_conceded": 0,
          "ht_goals_scored": 0,
          "ht_result": "D",
          "is_home": false,
          "league": "La Liga",
          "opponent": "Athletic Bilbao",
          "result": "D"
        },
        {
          "date": "2025-01-18",
          "ft_result": "W",
          "goals_conceded": 0,
          "goals_scored": 1,
          "ht_ft_code": "X/1",
          "ht_goals_conceded": 0,
          "ht_goals_scored": 0,
          "ht_result": "D",
          "is_home": true,
          "league": "La Liga",
          "opponent": "Atletico Madrid",
          "result": "W"
        },
        {
          "date": "2025-01-15",
          "ft_result": "W",
          "goals_conceded": 2,
          "goals_scored": 3,
          "ht_ft_code": "X/1",
          "ht_goals_conceded": 1,
          "ht_goals_scored": 1,
          "ht_result": "D",
          "is_home": false,
          "league": "Copa del Rey - Round of 16",
          "opponent": "Almeria",
          "result": "W"
        },
        {
          "date": "2025-01-11",
          "ft_result": "D",
          "goals_conceded": 1,
          "goals_scored": 1,
          "ht_ft_code": "X/X",
          "ht_goals_conceded": 1,
          "ht_goals_scored": 1,
          "ht_result": "D",
          "is_home": false,
          "league": "La Liga",
          "opponent": "Espanyol",
          "result": "D"
        },
        {
          "date": "2025-01-05",
          "ft_result": "W",
          "goals_conceded": 1,
          "goals_scored": 2,
          "ht_ft_code": "X/1",
          "ht_goals_conceded": 1,
          "ht_goals_scored": 1,
          "ht_result": "D",
          "is_home": false,
          "league": "Copa del Rey - Round of 32",
          "opponent": "FC Cartagena",
          "result": "W"
        },
        {
          "date": "2024-12-22",
          "ft_result": "L",
          "goals_conceded": 5,
          "goals_scored": 2,
          "ht_ft_code": "X/2",
          "ht_goals_conceded": 2,
          "ht_goals_scored": 2,
          "ht_result": "D",
          "is_home": true,
          "league": "La Liga",
          "opponent": "Villarreal",
          "result": "L"
        },
        {
          "date": "2024-12-15",
          "ft_result": "W",
          "goals_conceded": 0,
          "goals_scored": 1,
          "ht_ft_code": "1/1",
          "ht_goals_conceded": 0,
          "ht_goals_scored": 1,
          "ht_result": "W",
          "is_home": false,
          "league": "La Liga",
          "opponent": "Barcelona",
          "result": "W"
        },
        {
          "date": "2024-12-08",
          "ft_result": "L",
          "goals_conceded": 3,
          "goals_scored": 0,
          "ht_ft_code": "2/2",
          "ht_goals_conceded": 1,
          "ht_goals_scored": 0,
          "ht_result": "L",
          "is_home": true,
          "league": "La Liga",
          "opponent": "Real Sociedad",
          "result": "L"
        },
        {
          "date": "2024-11-30",
          "ft_result": "D",
          "goals_conceded": 1,
          "goals_scored": 1,
          "ht_ft_code": "X/X",
          "ht_goals_conceded": 0,
          "ht_goals_scored": 0,
          "ht_result": "D",
          "is_home": false,
          "league": "La Liga",
          "opponent": "Alaves",
          "result": "D"
        },
        {
          "date": "2024-11-24",
          "ft_result": "L",
          "goals_conceded": 3,
          "goals_scored": 0,
          "ht_ft_code": "2/2",
          "ht_goals_conceded": 1,
          "ht_goals_scored": 0,
          "ht_result": "L",
          "is_home": true,
          "league": "La Liga",
          "opponent": "Real Madrid",
          "result": "L"
        }
      ],
      "recent_matches": 21,
      "style": {
        "defensive": 0.21,
        "description": "Standart",
        "factors": {
          "away_goal_factor": 1.0,
          "concede_factor": 0.8,
          "draw_bias": 0.0,
          "goal_factor": 0.9649122807017545,
          "home_goal_factor": 1.0,
          "variance_factor": 1.0
        },
        "offensive": 0.77,
        "possession": 0.5
      },
      "weighted_avg_goals_conceded": 2.0200081862341994,
      "weighted_avg_goals_scored": 1.2720101125625085,
      "weighted_form_points": 0.26941943414621344
    },
    "form_periods": {
      "last_3": {
        "avg_conceded": 2.6666666666666665,
        "avg_goals": 1.6666666666666667,
        "form_points": 0.0
      },
      "last_6": {
        "avg_conceded": 2.3333333333333335,
        "avg_goals": 1.5,
        "form_points": 0.2222222222222222
      },
      "last_9": {
        "avg_conceded": 2.2222222222222223,
        "avg_goals": 1.2222222222222223,
        "form_points": 0.14814814814814814
      }
    },
    "id": "7266",
    "name": "Leganes"
  },
  "match": "Leganes vs Osasuna",
  "opponent_analysis": {
    "away_momentum": {
      "confidence": 0.7585714285714286,
      "form_acceleration": -0.4127857142857144,
      "momentum_score": -0.44284353741496607,
      "trend": "falling",
      "weighted_score": -0.34269897959183676
    },
    "away_power": 43.565969387755096,
    "away_power_percentage": 59.35243110055814,
    "home_momentum": {
      "confidence": 0.7585714285714286,
      "form_acceleration": -1.9766357142857145,
      "momentum_score": -0.5080625850340135,
      "trend": "falling",
      "weighted_score": -0.5525011224489795
    },
    "home_power": 29.83619557823129,
    "home_power_percentage": 40.64756889944186,
    "power_difference": -13.729773809523806,
    "relative_strength": 0.431351130952381,
    "strength_ratio": 37.4
  },
  "predictions": {
    "away_win_probability": 9.24,
    "betting_predictions": {
      "both_teams_to_score": {
        "prediction": "KG VAR",
        "probability": 70.0
      },
      "exact_score": {
        "prediction": "0-0",
        "probability": 67.5
      },
      "over_2_5_goals": {
        "prediction": "2.5 ALT",
        "probability": 81.0
      },
      "over_3_5_goals": {
        "prediction": "3.5 ALT",
        "probability": 70.0
      }
    },
    "confidence": 100.0,
    "debug_exact_score_used": "1-1",
    "draw_probability": 69.2,
    "exact_score": "0-0",
    "expected_goals": {
      "away": 0.7,
      "home": 0.8
    },
    "explanation": {
      "exact_score": "Analiz edilen fakt\u00f6rler sonucunda en olas\u0131 skor 1-1 olarak tahmin edildi. Ev sahibi tak\u0131m\u0131n beklenen gol ortalamas\u0131 0.80, deplasman tak\u0131m\u0131n\u0131n beklenen gol ortalamas\u0131 0.70.",
      "head_to_head": "Ge\u00e7mi\u015f kar\u015f\u0131la\u015fmalarda 1 ma\u00e7 oynand\u0131. Sonu\u00e7lar: 0 ev sahibi galibiyeti, 1 beraberlik, 0 deplasman galibiyeti.",
      "match_result": "Ma\u00e7 sonucu DRAW tahmini, ev sahibi (%21.6), beraberlik (%69.2) ve deplasman (%9.2) olas\u0131l\u0131klar\u0131na dayanmaktad\u0131r. Bu sonu\u00e7, en olas\u0131 skor (1-1) temel al\u0131narak belirlenmi\u015ftir.",
      "relative_strength": "Rakip analizi sonucunda, Osasuna g\u00f6receli olarak daha g\u00fc\u00e7l\u00fc bulundu (g\u00fc\u00e7 oran\u0131: 13.7%)"
    },
    "home_win_probability": 21.56,
    "match_outcome": "DRAW",
    "most_confident_bet": {
      "market": "match_result",
      "prediction": "DRAW",
      "probability": 85.8
    },
    "most_likely_outcome": "DRAW",
    "neural_predictions": {
      "away_goals": 0.85,
      "combined_model": {
        "away_goals": 1.12,
        "home_goals": 1.16
      },
      "home_goals": 1.07
    },
    "raw_metrics": {
      "adjusted_thresholds": {
        "away_max": 2.8,
        "away_threshold": 2.2,
        "home_max": 3.0,
        "home_threshold": 2.7
      },
      "bayesian": {
        "away_attack": 1.0,
        "away_defense": 1.32,
        "home_attack": 1.32,
        "home_defense": 1.93,
        "prior_away_goals": 1.2,
        "prior_home_goals": 1.5
      },
      "defense_factors": {
        "away_defense_factor": 1.3,
        "home_defense_factor": 1.51
      },
      "expected_away_goals": 0.7,
      "expected_home_goals": 0.8,
      "expected_total_goals": 1.5,
      "form_weights": {
        "last_10_matches": 1.5,
        "last_21_matches": 1.0,
        "last_5_matches": 2.5
      },
      "p_away_scores": 67.4,
      "p_home_scores": 68.76,
      "recent_goals_average": {
        "away": 0.8,
        "home": 1.2
      },
      "weighted_form": {
        "away_weighted_form": 0.28,
        "away_weighted_goals": 0.59,
        "home_weighted_form": 0.32,
        "home_weighted_goals": 1.53
      },
      "z_score_data": {
        "away_std_dev": 0.94,
        "home_std_dev": 1.04
      }
    }
  },
  "timestamp": 1744042245.883253
}
